episode,scenario_seed,steps,option_count,serve_option_count,recharge_option_count,wait_option_count,recharge_match_count,recharge_match_rate,avg_option_duration,episode_reward,avg_reward,charge_success_rate,charge_success_count,charge_failure_count,avg_mcs_profit,avg_mcs_net_income,broken_mcs_count,actor_loss,high_actor_loss,low_actor_loss,critic_loss,high_entropy,low_entropy
1,42,200,1077,343,261,473,260,0.9961685823754789,1.7214484679665738,148.01484669900526,0.07400742334950262,0.7562724014336918,211,68,310.10716731482535,-288.88149027967006,2,-0.13861433103680612,0.0022825388610363006,-0.14089686989784242,1.9842743062973023,0.8358882331848144,1.4281220817565918
2,43,200,958,357,241,360,239,0.991701244813278,1.7359081419624216,141.26955013195075,0.07063477506597537,0.7184115523465704,199,78,322.832705918674,-255.2796081616178,4,-0.07703371224924922,-0.004392043710686267,-0.07264166853856295,1.4409637868404388,0.7833219975233078,1.4275765597820282
3,44,200,958,291,250,417,244,0.976,1.8538622129436326,162.620625785307,0.0813103128926535,0.7706093189964157,215,64,332.25010442915607,-301.35272038235735,2,-0.038229419756680726,-0.003117160499095917,-0.03511225925758481,1.2295245677232742,0.832086318731308,1.3647106468677521
4,45,200,971,310,317,344,315,0.9936908517350158,1.7559217301750771,142.66312055763788,0.07133156027881894,0.7569444444444444,218,70,305.78280942946446,-267.35138553624637,3,0.057762645062757655,-0.0035778379533439875,0.06134048301610164,1.2392260313034058,0.8486368626356124,1.3670892417430878
5,46,200,975,380,237,358,237,1.0,1.6912820512820512,137.36942821879404,0.06868471410939703,0.6642335766423357,182,92,296.6534978828116,-256.33595538720226,3,0.1568295010481961,-0.0055727320141159,0.162402233062312,1.1896523475646972,0.7848293393850326,1.446692943572998
6,47,200,818,327,220,271,220,1.0,1.7493887530562346,117.37870081990123,0.058689350409950616,0.5921985815602837,167,115,304.66507449345664,-187.14127999335204,6,0.24104858533246443,-0.004779934836551547,0.24582852016901596,1.0222013622522355,0.7498993933200836,1.4738319098949433
7,48,200,991,177,549,265,532,0.9690346083788707,1.781029263370333,166.63794978352902,0.08331897489176451,0.6630824372759857,185,94,322.0039452189452,-300.0421858813332,2,-0.17373810182325544,-0.002057094871997833,-0.1716810069512576,1.011292240023613,0.7501759201288223,1.4338526666164397
8,49,200,1045,258,497,290,497,1.0,1.5933014354066986,129.53868411947204,0.06476934205973602,0.697508896797153,196,85,279.2731989848049,-235.3325192005722,3,0.2757046593911946,0.020343198496848344,0.25536146089434625,0.8713406991958618,0.7559526801109314,1.369875955581665
9,50,200,1076,255,556,265,555,0.9982014388489209,1.7193308550185873,161.98736141426406,0.08099368070713203,0.6773049645390071,191,91,302.5647558989,-311.49525515166977,1,-0.2598133726697415,-0.007217739252373576,-0.25259563341736796,0.9678284382820129,0.7633841967582703,1.3678380727767945
10,51,200,1158,295,463,400,461,0.9956803455723542,1.645077720207254,151.58891385005333,0.07579445692502666,0.658273381294964,183,95,299.87601730710344,-293.0348595506791,1,0.0010146406572312115,-1.1889524757862092e-05,0.0010265301819890737,0.8100683641433716,0.6854322385787964,1.3367905950546264
11,52,200,1103,174,677,252,640,0.9453471196454948,1.813236627379873,194.9715286413922,0.09748576432069611,0.7035714285714286,197,83,339.23528726705524,-368.00519711420424,0,-0.6359228609502315,-0.0025069107115268706,-0.6334159502387047,0.5465055191516877,0.6790261459350586,1.3506986093521118
12,53,200,983,140,619,224,589,0.9515347334410339,1.997965412004069,223.87694066154228,0.11193847033077114,0.7956204379562044,218,56,382.66402893319594,-410.4696615986327,0,-0.6745143848471343,-0.0016671734862029552,-0.6728472113609314,0.6194373279809952,0.6778111696243286,1.3010263800621034
13,54,200,1000,166,644,190,641,0.9953416149068323,1.856,184.80378361137755,0.09240189180568878,0.7226277372262774,198,76,335.04065188467416,-342.6355143262346,1,0.17133422280894592,0.0007573822047561407,0.1705768406041898,0.7322472155094146,0.6517367601394654,1.3381418883800507
14,55,200,1136,115,831,190,831,1.0,1.670774647887324,160.5689322497786,0.0802844661248893,0.5818181818181818,160,115,293.2708135239423,-296.36986133304106,1,-0.004401953853666782,-0.0030668066814541818,-0.0013351471722126008,0.6113671779632568,0.6529157686233521,1.208653211593628
15,56,200,998,215,557,226,557,1.0,1.6973947895791583,148.90933010157823,0.07445466505078911,0.5088967971530249,143,138,290.15027562746445,-267.89902102513935,2,0.6552940773544833,-0.0017582831205800176,0.6570523604750633,1.0114271819591523,0.6300641030073166,1.442301046848297
16,57,200,642,245,210,187,210,1.0,1.820872274143302,100.58615227544969,0.050293076137724844,0.5236363636363637,144,131,287.8976160541788,-142.14258646497933,7,0.39635477782382317,-0.0060586837818846105,0.4024134616057078,2.6118804295857747,0.6657577514648437,1.5122290054957073
17,58,200,913,196,475,242,457,0.9621052631578947,1.95947426067908,180.3162306008511,0.09015811530042556,0.7978723404255319,225,57,345.5996046037726,-327.21658937051797,2,-0.22231398024596274,-0.0018667120020836592,-0.22044726824387909,1.1056723326444626,0.6401564061641694,1.3584647595882415
18,59,200,1005,223,589,193,552,0.9371816638370118,1.8885572139303484,194.7829729632746,0.0973914864816373,0.7142857142857143,195,78,354.33722432174284,-361.30831425421525,1,-0.2451022651279345,-0.0008486590581014752,-0.24425360606983304,0.9307198792695999,0.641625490784645,1.4069725096225738
19,60,200,928,130,638,160,592,0.9278996865203761,1.8976293103448276,178.3869804839527,0.08919349024197634,0.6464285714285715,181,99,338.717007613887,-316.02929459013006,2,-0.2523200228344649,-0.007510759029537439,-0.24480926380492746,0.7079146683216095,0.5566942870616913,1.429236739873886
20,61,200,917,190,586,141,580,0.9897610921501706,1.8985823336968375,175.88666639047435,0.08794333319523717,0.7686832740213523,216,65,331.8777472222521,-310.96084315993363,2,0.4950619174167514,-0.0015146935358643532,0.49657661095261574,0.6214690059423447,0.538466465473175,1.4961535811424256
21,62,200,1085,245,664,176,654,0.9849397590361446,1.6018433179723501,141.85478034529135,0.07092739017264567,0.4982456140350877,142,143,277.7551290579444,-253.36816854688382,2,-0.3014920386020094,0.003969875387847424,-0.30546191398985684,1.3901086616516114,0.4816876542568207,1.4435863828659057
22,63,200,844,281,401,162,386,0.9625935162094763,1.6409952606635072,102.9093187216095,0.05145465936080475,0.4607142857142857,129,151,277.65878305699323,-157.75216701088507,6,0.5713264616206288,0.0013271691277623177,0.5699992924928665,0.7814832493662834,0.5573139190673828,1.5423722445964814
23,64,200,1031,113,791,127,750,0.9481668773704172,1.901066925315228,216.64139843780035,0.10832069921890017,0.708185053380783,199,82,367.7887454269055,-392.1360955125119,0,-1.6001150039831797,-0.03927821695804596,-1.5608367870251338,0.6687642753124237,0.47484952926635743,1.342106429239114
24,65,200,1119,193,794,132,778,0.9798488664987406,1.7479892761394102,195.4383296305355,0.09771916481526774,0.6083916083916084,174,112,332.2545256267759,-358.89176291493465,0,0.03835514422506094,0.0057305627688765525,0.03262458145618439,0.4994982933998108,0.5221176970005036,1.3483791875839233
25,66,200,938,298,533,107,521,0.9774859287054409,1.8326226012793176,165.9802847341042,0.0829901423670521,0.5809859154929577,165,119,331.39811009607456,-287.1444923889075,3,0.23270962894894184,-0.00031341738067567346,0.2330230463296175,1.179700031876564,0.452062027156353,1.343083530664444
26,67,200,1389,188,1067,134,963,0.9025304592314901,1.4312455003599711,123.88280906151674,0.061941404530758366,0.573943661971831,163,121,226.69171459460728,-249.07739049402397,0,0.4424170232998828,-0.0006030922445158164,0.44302011554439863,0.4165091981490453,0.4459779103597005,1.3073837121327718
27,68,200,1180,151,876,153,836,0.954337899543379,1.6771186440677965,174.08942818185173,0.08704471409092586,0.6909090909090909,190,85,305.73299520581935,-324.0987789758755,0,-0.44797503381036224,0.0018437071237713098,-0.44981874093413354,0.4904692387580872,0.44928333163261414,1.1816079330444336
28,69,200,1003,89,817,97,811,0.99265605875153,1.9401794616151546,220.52032082113587,0.11026016041056794,0.7653429602888087,212,65,368.34660513824895,-393.20711034883504,0,0.003965173498727382,-0.0048618085449561475,0.00882698204368353,0.5064756631851196,0.4108648866415024,1.3208419024944305
29,70,200,1131,171,866,94,844,0.9745958429561201,1.4801061007957559,109.25949701872634,0.05462974850936317,0.4336917562724014,121,158,238.05218818269708,-186.7687678595972,3,1.2730862472951412,-0.01235595002770424,1.2854421973228454,0.6165830564498901,0.45465257167816164,1.4249298095703125
30,71,200,940,142,659,139,623,0.9453717754172989,1.971276595744681,201.42645543070185,0.10071322771535092,0.8581560283687943,242,40,358.74158430487023,-360.88381920733815,1,-0.5984384011942894,-0.004289168165996671,-0.5941492330282927,0.9338214725255967,0.4645650416612625,1.2660382628440856
31,72,200,1186,99,1019,68,906,0.8891069676153092,1.6686340640809443,174.27009492506153,0.08713504746253077,0.7183098591549296,204,80,304.90675217027575,-327.4770392560464,0,-0.6864167027920484,0.0015418679267168046,-0.6879585707187652,0.4101468348503113,0.4710680234432221,1.2336118364334105
32,73,200,875,320,366,189,366,1.0,1.489142857142857,65.32638292167198,0.03266319146083599,0.3709090909090909,102,173,235.50742498325752,-93.88751025137938,7,0.5860101155005396,0.0029223195277154447,0.5830877959728241,1.9621365129947663,0.6031331837177276,1.2583077013492585
33,74,200,1063,196,726,141,725,0.9986225895316805,1.7920978363123237,178.28536495623186,0.08914268247811594,0.7,196,84,320.7165132331313,-325.67223427379747,1,-0.36921954895369713,0.013901543067768217,-0.3831210920214653,0.7035937428474426,0.5710449481010437,1.068065128326416
34,75,200,954,391,339,224,338,0.9970501474926253,1.5062893081761006,89.69285103035405,0.04484642551517702,0.5338078291814946,150,131,259.2593259981438,-141.2980958633784,6,0.46161461803130804,-0.003724355669692159,0.4653389737010002,1.2497524619102478,0.583629024028778,1.140406608581543
35,76,200,1193,249,721,223,721,1.0,1.4400670578373846,106.157844045332,0.053078922022666,0.3763440860215054,105,174,236.55806853677467,-187.29807989989848,3,0.1683737088367343,-0.006974418796598911,0.1753481276333332,0.7425730705261231,0.48692798256874087,0.9965060091018677
36,77,200,1000,158,706,136,648,0.9178470254957507,1.747,160.23538527486767,0.08011769263743383,0.6819787985865724,193,90,310.3187230244013,-286.68005168532216,2,0.174632189120166,3.718321677297354e-05,0.17459500590339302,0.8552643865346908,0.42773917466402056,0.9305899471044541
37,78,200,1133,297,621,215,555,0.893719806763285,1.5463371579876435,115.56017491245751,0.05778008745622876,0.658273381294964,183,95,274.02445692914506,-205.2638224222939,3,0.027516724951565263,-0.008716694545000792,0.036233419496566055,0.8249414825439453,0.44796924471855165,0.9960132694244385
38,79,200,954,201,579,174,579,1.0,1.6928721174004193,134.22424953526792,0.06711212476763395,0.4121863799283154,115,164,293.01514065674723,-218.2904443342436,4,0.18612719890661536,-0.0026674494380131363,0.1887946483446285,0.9153800427913665,0.472554475069046,0.9592468410730361
39,80,200,1075,158,789,128,778,0.9860583016476553,1.8232558139534885,188.60489181443538,0.09430244590721769,0.6013986013986014,172,114,335.3675033160075,-338.1142126862092,1,-0.6284223782643675,-0.001905071698129177,-0.6265173065662384,0.7456477928161621,0.4819996380805969,1.0683638906478883
40,81,200,1011,224,627,160,593,0.9457735247208932,1.8021760633036596,186.839626796551,0.0934198133982755,0.5376344086021505,150,129,334.9976232142618,-334.61483022682535,1,-0.5176817861152813,-0.00048521056305617094,-0.5171965755522251,1.1435857146978379,0.4743434593081474,1.0588177353143693
41,82,200,931,134,676,121,566,0.8372781065088757,1.9967776584317938,208.39664868713592,0.10419832434356796,0.8120567375886525,229,53,377.2359870702129,-378.091113621649,1,-0.25163483164506034,0.0021322687971405685,-0.2537671004422009,1.0834385395050048,0.47683985680341723,1.0289859116077422
42,83,200,884,120,614,150,611,0.995114006514658,1.9027149321266967,182.03644504348742,0.09101822252174371,0.6466431095406361,183,100,340.21995428493267,-309.38047258320296,2,0.996099847718142,-0.013788990513421594,1.0098888382315636,1.006134295463562,0.45528396815061567,0.9325203508138656
43,84,200,998,105,717,176,686,0.9567642956764296,1.8507014028056112,189.96555565462305,0.09498277782731153,0.5978260869565217,165,111,338.93098367006337,-337.2446268947589,1,-0.24125280412845315,-0.002143429173156619,-0.23910937495529652,0.8373395830392838,0.38998642563819885,0.8069821417331695
44,85,200,1050,119,809,122,797,0.9851668726823238,1.8971428571428572,214.26884486433266,0.10713442243216634,0.7491039426523297,209,70,358.06408304313726,-380.6904336163148,0,-0.759079162068665,0.012443366311490536,-0.7715225283801556,0.607670533657074,0.44789318323135374,0.7914014554023743
45,86,200,993,82,752,159,749,0.9960106382978723,1.8902316213494461,205.27296623286102,0.1026364831164305,0.6836363636363636,188,87,359.2048414195373,-358.3710163432903,1,0.34225411028601227,-0.0043943270575255156,0.3466484373435378,0.7236625373363494,0.4298547595739365,0.7233314782381057
46,87,200,1229,161,881,187,759,0.8615209988649262,1.5117982099267697,120.99202536951003,0.06049601268475502,0.5755395683453237,160,118,256.41760888451904,-231.3976671213678,2,-0.008210059404373169,-0.004315342456102371,-0.0038947169482707977,0.6921244168281555,0.5338987064361572,0.9726249408721924
47,88,200,977,84,752,141,726,0.9654255319148937,1.947799385875128,203.8988070830876,0.1019494035415438,0.6338028169014085,180,104,360.8595688948202,-362.24907611493205,1,-0.5107258640229703,-0.002441638708114624,-0.5082842253148556,0.6277744740247726,0.5049258306622505,0.6792639791965485
48,89,200,1092,147,766,179,717,0.9360313315926893,1.7985347985347986,202.34658976845324,0.10117329488422662,0.7403508771929824,211,74,345.45710707210344,-367.87637345068805,0,0.06432657698169351,0.007066068015992641,0.05726050896570087,0.7234174001216889,0.5328820741176605,0.9482893586158753
49,90,200,951,175,572,204,540,0.9440559440559441,1.800210304942166,167.84456505345455,0.08392228252672727,0.628158844765343,174,103,321.183389803403,-296.5613950976549,2,-0.1037997890263796,-0.0002932485891506076,-0.10350654043722898,0.8649516850709915,0.5921866327524186,0.9885915011167526
50,91,200,1077,128,739,210,736,0.9959404600811907,1.7520891364902507,173.82140275009706,0.08691070137504853,0.7,189,81,311.99164585699026,-311.40424299127454,1,0.22306466419715434,-0.0036780348792672156,0.22674269907642156,0.6977582335472107,0.591110291481018,0.8312703704833985
51,92,200,1059,194,609,256,582,0.9556650246305419,1.6864966949952787,161.08100704867013,0.08054050352433506,0.6702127659574468,189,93,312.49028362232866,-288.2244990542682,2,0.28696478337049486,0.004546062722802162,0.2824187206476927,1.0090380024909973,0.5588241243362426,0.9362018847465515
52,93,200,827,242,316,269,301,0.9525316455696202,1.8585247883917775,144.54725938873844,0.07227362969436922,0.5338078291814946,150,131,316.3815821408054,-244.0517792037997,4,0.4271986627485603,0.005809700256213546,0.42138896249234675,1.4780367732048034,0.5984866797924042,1.0439418584108353
53,94,200,978,112,591,275,581,0.9830795262267343,1.861963190184049,180.05204929924744,0.09002602464962373,0.7862318840579711,217,59,342.5390210097879,-312.26235830623193,2,-0.5091488592792303,-0.002042359346523881,-0.5071064999327064,0.7360409379005433,0.5440921932458878,0.8958427846431732
54,95,200,931,186,547,198,532,0.9725776965265083,1.9516648764769065,189.54511075216553,0.09477255537608277,0.7212543554006968,207,80,355.3456589741155,-333.78452201202174,2,0.10107769228052348,0.0015550319803878665,0.09952266030013561,0.8406064510345459,0.5239259630441666,0.9628683358430863
55,96,200,931,306,449,176,445,0.9910913140311804,1.6552094522019334,121.26751004739322,0.060633755023696605,0.44680851063829785,126,156,275.6834165668806,-204.70826830892398,4,0.5661282881628722,-0.0008121803868561984,0.5669404685497283,1.2084452152252196,0.520862627029419,0.9831193089485168
56,97,200,1072,171,778,123,778,1.0,1.8526119402985075,209.62589881687575,0.10481294940843787,0.6370106761565836,179,102,351.1935715309927,-375.9023726135714,0,-0.6537061667814851,0.005213710032403469,-0.6589198768138885,0.519910700917244,0.5047344279289245,0.8511985325813294
57,98,200,1069,213,659,197,611,0.9271623672230652,1.842843779232928,198.92342443417235,0.09946171221708618,0.7230215827338129,201,77,344.6208751888927,-373.789193662473,0,-0.5413032113946975,-0.009139996115118265,-0.5321632152795792,0.5786120003461838,0.45510013818740847,0.8074617052078247
58,99,200,1017,217,642,158,611,0.9517133956386293,1.9587020648967552,215.6144753711304,0.1078072376855652,0.7437722419928826,209,72,367.8059678048196,-396.44090081956335,0,0.2052884745178744,-0.0008087466005235911,0.206097221118398,0.37799055576324464,0.460041931271553,0.8948456108570099
59,100,200,948,155,653,140,618,0.9464012251148545,1.9820675105485233,198.54799418900777,0.09927399709450388,0.8097014925373134,217,51,355.5795722041005,-360.537123539116,1,0.6419786509592086,0.0037627816665917633,0.6382158692926169,0.7063516765832901,0.4974463045597076,0.6032556906342507
60,101,200,786,203,486,97,473,0.9732510288065843,1.974554707379135,165.75562697163835,0.08287781348581917,0.6736842105263158,192,93,343.95428333637585,-271.2431986816811,4,0.25887731099501254,0.02301504903007299,0.23586226196493953,1.5143631219863891,0.44856352508068087,0.6472626820206642
61,102,200,1056,66,851,139,833,0.9788484136310224,1.8863636363636365,202.82114135993174,0.10141057067996587,0.7649122807017544,218,67,343.14513089930455,-369.59243326668457,0,-0.5947092531807721,-0.008345636986196042,-0.586363616194576,0.36386618912220003,0.4466710376739502,0.5477809643745423
62,103,200,1028,150,776,102,757,0.9755154639175257,1.9231517509727627,219.56523074267136,0.10978261537133568,0.7456445993031359,214,73,370.0321812915026,-397.19727662172215,0,-0.7737456247745,-0.04077145572751761,-0.7329741690469824,0.6432796289026738,0.4219934391975403,0.6310729034568953
63,104,200,1251,223,902,126,902,1.0,1.5739408473221423,165.40013478350184,0.08270006739175093,0.5212765957446809,147,135,283.10712054684166,-309.20711763632005,0,0.49664927754551175,-0.0003816058859229088,0.49703088343143464,0.31364666163921356,0.4594141912460327,0.6139397156238556
64,105,200,944,168,700,76,698,0.9971428571428571,1.7902542372881356,176.1286799363706,0.08806433996818529,0.5880281690140845,167,117,327.80399158229255,-303.89836771729625,2,1.052451326791197,-0.003063321765512228,1.0555146485567093,1.054589956998825,0.39694387912750245,0.73773413002491
65,106,200,1104,302,678,124,676,0.9970501474926253,1.5588768115942029,134.50762252176355,0.06725381126088177,0.6,171,114,263.7975430260133,-239.9476587180474,2,-0.12303189598023892,0.011301992312073707,-0.13433388829231263,0.8611283302307129,0.37579500675201416,0.9161985874176025
66,107,200,1126,187,848,91,837,0.9870283018867925,1.7699822380106571,191.2563371611439,0.09562816858057195,0.7212543554006968,207,80,322.88262833897414,-349.2519330754774,0,-0.4912866090983153,-0.0004509633034467697,-0.4908356457948685,0.5745931243896485,0.3310753834247589,0.7842744159698486
67,108,200,958,63,824,71,823,0.9987864077669902,1.9697286012526096,206.96325620531,0.10348162810265499,0.7333333333333333,198,72,358.85793090893424,-357.54175258464153,1,0.174280115426518,-0.0026991927763447164,0.17697930820286273,0.7067938804626465,0.3247488096356392,0.6844352781772614
68,109,200,1080,218,784,78,779,0.9936224489795918,1.6592592592592592,155.58900771730885,0.07779450385865443,0.48056537102473496,136,147,295.0087661725543,-269.7409347745956,2,0.46852239293977616,0.00345568535849452,0.46506670758128166,0.7275048303604126,0.338209308385849,1.0077749347686769
69,110,200,1100,160,855,85,853,0.9976608187134502,1.6963636363636363,171.52748517079127,0.08576374258539564,0.7429577464788732,211,73,302.5543358290057,-299.56719028033984,1,-0.07858194105327129,0.0014167088270187378,-0.07999864988029003,0.7040638494491577,0.3409998404979706,0.9260931038856506
70,111,200,879,237,567,75,566,0.9982363315696648,1.6564277588168372,121.27489963089721,0.06063744981544861,0.5,142,142,269.9167629870619,-195.74745613022552,4,0.7657528555020691,0.005478598736226558,0.7602742567658425,1.0837492287158965,0.30023121684789655,1.1029692769050599
71,112,200,1000,205,738,57,709,0.9607046070460704,1.847,191.63632440645085,0.09581816220322542,0.7508896797153025,211,70,339.7473427680004,-340.70340189519175,1,-0.5113335409783758,0.00018042236333712936,-0.511513963341713,1.1055701673030853,0.312823611497879,1.019213080406189
72,113,200,1216,107,1020,89,987,0.9676470588235294,1.631578947368421,171.8635084314677,0.08593175421573385,0.6535714285714286,183,97,292.55535563609203,-314.5353370888053,0,-1.0631585025787353,-0.0018545889854431152,-1.0613039135932922,0.682718620300293,0.3425770151615143,0.6958994781970977
73,114,200,1075,154,833,88,790,0.9483793517406963,1.8186046511627907,202.09407013940094,0.10104703506970047,0.6302816901408451,179,105,346.38056025286085,-369.2267301596502,0,-0.31629759930074214,-0.0018835218995809555,-0.3144140774011612,0.5458663260936737,0.3531332814693451,0.8236591911315918
74,115,200,1053,392,576,85,565,0.9809027777777778,1.6552706552706553,144.3146710127617,0.07215733550638084,0.5340501792114696,149,130,300.6475721728726,-257.8643821405924,3,0.6018714432790876,0.012836608774960042,0.5890348345041275,1.4265775156021119,0.2902045428752899,1.1632800054550172
75,116,200,1026,362,602,62,601,0.9983388704318937,1.6169590643274854,127.27326132892252,0.06363663066446126,0.48928571428571427,137,143,271.10910573616206,-227.04235308708712,3,0.5039144123961097,0.00021969571709632875,0.5036947166790133,1.5119000205397606,0.2667491918802261,1.0781835343526758
76,117,200,1147,162,941,44,938,0.9968119022316685,1.5074106364428945,120.5666058848798,0.0602833029424399,0.38768115942028986,107,169,241.49019504193203,-208.84773463937745,2,0.6250172154232859,-0.0016103549674153328,0.6266275703907013,0.688118144273758,0.2716536444425583,0.9273123478889466
77,118,200,1165,282,848,35,817,0.9634433962264151,1.6969957081545064,185.4928082320401,0.09274640411602005,0.7607142857142857,213,67,316.6292808293069,-344.21640113109237,0,-0.6993373115547001,0.00025781912729144096,-0.6995951306819915,1.0309060907363892,0.24705833017826082,1.289587140083313
78,119,200,1145,249,850,46,819,0.9635294117647059,1.720524017467249,184.90597057784856,0.09245298528892429,0.6678832116788321,183,91,319.1269607973978,-350.66983676962116,0,-0.5822546551004052,0.003916256688535213,-0.5861709117889404,0.6350208139419555,0.312902113199234,1.024955711364746
79,120,200,1009,146,831,32,804,0.9675090252707581,1.9633300297324083,219.1267364606397,0.10956336823031985,0.8115942028985508,224,52,369.8638694201996,-399.48916588490397,0,-0.32653683529933913,-0.0022926385863684118,-0.3242441967129707,0.4156616762280464,0.34286976754665377,0.9284357935190201
80,121,200,1236,331,815,90,778,0.9546012269938651,1.5477346278317152,144.38795427984854,0.07219397713992427,0.4729241877256318,131,146,271.6413906104568,-277.9900105576548,1,0.17304753039032222,-0.0015440044924616813,0.1745915348827839,0.5707118713855743,0.37803898453712464,1.231057538986206
81,122,200,880,187,611,82,599,0.9803600654664485,2.1818181818181817,234.87281332253022,0.1174364066612651,0.7158273381294964,199,79,411.00697809378124,-417.99021796919635,1,-0.0887013655505143,-0.0010078869294375182,-0.08769347862107679,0.7102748692035675,0.3630321443080902,1.0789379894733429
82,123,200,1093,232,789,72,788,0.9987325728770595,1.685269899359561,164.06147421099948,0.08203073710549974,0.5821428571428572,163,117,299.735433361655,-306.6230645642835,1,0.16138993058353662,6.249761208891869e-05,0.1613274329714477,0.7236555588245391,0.4366129493713379,1.0473694801330566
83,124,200,1017,217,723,77,649,0.8976486860304288,1.936086529006883,209.98233007375597,0.10499116503687798,0.6877192982456141,196,89,364.3051740135407,-398.2694584730498,0,-0.24156414596873219,-0.0009654298890382051,-0.240598716079694,0.5303750619292259,0.4556048154830933,1.078477430343628
84,125,200,817,256,502,59,457,0.9103585657370518,2.1554467564259485,199.8318908660292,0.0999159454330146,0.7263157894736842,207,78,374.15683695864425,-358.821172716651,2,0.5187419229652732,0.015433789929375052,0.5033081330358982,0.9762493655085563,0.3987474113702774,1.0438623398542404
85,126,200,885,217,573,95,529,0.9232111692844677,1.9423728813559322,181.26935284312913,0.09063467642156456,0.647887323943662,184,100,344.624290953932,-324.31092788743837,2,-0.15004213822539897,0.006238725618459284,-0.15628086384385825,1.1909339129924774,0.384781488776207,0.9592219293117523
86,127,200,931,267,572,92,532,0.9300699300699301,2.0021482277121376,201.37587138057225,0.10068793569028613,0.7014388489208633,195,83,364.4463564791432,-374.0259978923613,1,-0.08457687715999782,-0.0015317304525524378,-0.08304514670744538,0.8824161291122437,0.4260583370923996,1.0026600122451783
87,128,200,902,350,486,66,462,0.9506172839506173,1.7815964523281596,146.0717040938013,0.07303585204690065,0.6063829787234043,171,111,301.9060371976383,-259.04530171637583,3,0.26733522084541617,-0.004480960080400109,0.2718161809258163,1.1588712513446808,0.34664714634418486,1.2472438395023346
88,129,200,1009,157,796,56,781,0.9811557788944724,1.952428146679881,214.96845802615746,0.10748422901307873,0.7703180212014135,218,65,367.58315059290237,-403.35284431918024,0,-0.38109449648400184,-0.00159359707031399,-0.37950089941368786,0.2832747630774975,0.4657395228743553,0.6643154382705688
89,130,200,1084,248,765,71,714,0.9333333333333333,1.8321033210332103,193.92467690101543,0.09696233845050771,0.6761565836298933,190,91,339.36044943147147,-376.2292827399398,0,-0.16177809560671447,0.0031942629627883436,-0.16497235856950282,0.43075050592422487,0.3792436420917511,0.9049991393089294
90,131,200,962,202,708,52,620,0.8757062146892656,2.0613305613305615,223.486508131233,0.1117432540656165,0.7741935483870968,216,63,386.55388480006616,-415.81113375636806,0,-0.3656846378464252,-0.0020303812343627214,-0.36365425661206247,0.2907096490263939,0.33640254139900205,1.016768366098404
91,132,200,938,456,454,28,454,1.0,1.5874200426439233,99.40189017881647,0.049700945089408234,0.602112676056338,171,113,255.10247290644406,-165.0901246302022,5,0.5539267601678147,0.00012600740883499383,0.5538007527589798,2.050703543424606,0.22638186067342758,1.29607852101326
92,133,200,1005,363,602,40,597,0.9916943521594684,1.6995024875621891,142.1492448937097,0.07107462244685485,0.5,143,143,295.70862708086213,-249.40231878935236,3,0.35769727698061615,-0.0011142341187223791,0.3588115110993385,1.017202240228653,0.2405888020992279,1.133444720506668
93,134,200,1107,208,871,28,868,0.9965556831228473,1.6747967479674797,161.90084307497807,0.08095042153748903,0.6254416961130742,177,106,294.4170053963785,-302.5199588925915,1,-0.02143891774583608,-0.005180461499840021,-0.016258456245996058,0.6773773872852326,0.3999745273590088,0.8060796213150024
94,135,200,887,348,507,32,505,0.9960552268244576,1.7373167981961668,119.72272200191456,0.05986136100095728,0.6219081272084805,176,107,288.62405529030906,-200.33894206400066,5,0.5326408361783251,-0.002736199856735766,0.5353770360350609,0.8459018304944038,0.31266300529241564,1.2228808104991913
95,136,200,899,450,413,36,410,0.9927360774818402,1.71412680756396,120.9796346186323,0.06048981730931615,0.5633802816901409,160,124,292.2688397056763,-214.982955251366,4,-0.0052734792698174715,-0.004636945715174079,-0.0006365335546433925,1.0462174475193025,0.2836523368954659,1.0986246645450592
96,137,200,1028,221,759,48,748,0.9855072463768116,1.7237354085603114,156.0838121692624,0.0780419060846312,0.5942028985507246,164,112,303.34769258433846,-288.38007769142393,2,-0.09134763889014721,0.023419924564659595,-0.1147675634548068,1.1381549662351609,0.4391610586643219,0.9575271564722061
97,138,200,1013,389,585,39,580,0.9914529914529915,1.75715695952616,161.75123185273318,0.08087561592636659,0.5734265734265734,164,122,314.37072108857984,-304.9216144176914,2,0.01969310422427952,-0.001383189857006073,0.021076294081285595,0.8102187216281891,0.29542299807071687,1.0622282952070237
98,139,200,1096,232,820,44,817,0.9963414634146341,1.8083941605839415,194.10316771949033,0.09705158385974516,0.7228070175438597,206,79,332.12611073843317,-367.43640243413216,0,-0.8900779153779149,-0.004368447251617908,-0.885709468126297,0.5524365884065628,0.3515914690494537,0.8917077112197876
99,140,200,1067,298,738,31,735,0.9959349593495935,1.7310215557638238,161.38463892021886,0.08069231946010944,0.6227758007117438,175,106,310.32310485176714,-297.00378536809063,2,0.7750235181301832,0.027068549320101738,0.7479549688100815,0.8006045305728913,0.2812128180265427,1.0548238682746887
100,141,200,1030,264,725,41,716,0.9875862068965517,1.7087378640776698,156.25116369853697,0.07812558184926849,0.519298245614035,148,137,302.6329244206737,-279.96397035597175,2,0.33987634305882714,-0.01581189651042223,0.3556882395692494,0.5691466128826141,0.2279496130347252,1.0975726117258486
101,142,200,1259,207,1028,24,1000,0.9727626459143969,1.562351072279587,158.56423990459635,0.07928211995229817,0.52,143,132,275.61125028647734,-307.02475014213826,0,-1.0176406579557806,-0.0013192849699407815,-1.0163213729858398,0.6204793965816497,0.32846208930015564,0.9190151834487915
102,143,200,931,292,621,18,611,0.9838969404186796,1.916219119226638,184.90895030414327,0.09245447515207164,0.5978260869565217,165,111,349.25034542653674,-335.07833353601364,2,0.3563426975160837,-0.0012812666594982148,0.35762396417558195,1.2640685856342315,0.2885421723127365,1.0179144740104675
103,144,200,863,272,575,16,569,0.9895652173913043,1.884125144843569,162.93921346941104,0.08146960673470552,0.5444839857651246,153,128,322.6320580101759,-277.0532775076454,3,0.6944483710452913,-0.004691668041050434,0.6991400390863418,0.9544112771749497,0.24250919222831727,1.0208595871925354
104,145,200,1031,299,689,43,680,0.9869375907111756,1.799224054316198,181.15947372292905,0.09057973686146452,0.7188612099644128,202,79,326.1989522428585,-332.3235594247593,1,-0.2839836124517024,0.01561884980648756,-0.2996024622581899,1.0155807828903198,0.3001770704984665,0.9550235939025878
105,146,200,1024,288,725,11,680,0.9379310344827586,1.9267578125,212.78344439935458,0.10639172219967728,0.6689895470383276,192,95,367.2073332740569,-404.4469782182806,0,-0.5194096742197871,-7.426869124174117e-05,-0.5193354055285454,0.7115909695625305,0.27321657836437224,0.8742545813322067
106,147,200,718,388,316,14,316,1.0,1.7506963788300836,103.25708437835573,0.05162854218917787,0.5892857142857143,165,115,280.92912210348265,-158.8810975403669,6,0.508595977537334,0.0029464108869433404,0.5056495666503906,2.4242806752522785,0.22493515014648438,0.8719115416208904
107,148,200,1161,261,875,25,866,0.9897142857142858,1.7045650301464255,175.10531214965584,0.08755265607482793,0.6906474820143885,192,86,305.382903812228,-344.2292462162302,0,-0.3816379024088383,0.001480167992413044,-0.38311807040125134,0.4540400755405426,0.4332563400268555,0.7272289657592773
108,149,200,1206,232,943,31,870,0.9225874867444327,1.6459369817578773,164.8511971401859,0.08242559857009295,0.6408450704225352,182,102,294.4447396756423,-330.1293234457957,0,-0.47641789403744045,-0.0018429324775934219,-0.474574961559847,0.5580274319648743,0.42849348068237303,0.6275562381744385
109,150,200,1051,200,821,30,810,0.9866017052375152,1.879162702188392,203.99999980635607,0.10199999990317804,0.7617328519855595,211,66,347.08537280128144,-380.52916602709365,0,0.21591715581715107,-0.014613138511776924,0.230530294328928,0.3227292948961258,0.3966971123218536,0.7754128241539001
110,151,200,837,352,462,23,462,1.0,1.6810035842293907,108.23468582833549,0.05411734291416774,0.41785714285714287,117,163,284.4869956099038,-169.97017705807295,6,0.6393565822392702,0.008100280538201332,0.6312563017010688,1.7669090181589127,0.2960847944021225,0.9758276551961899
111,152,200,1089,271,759,59,751,0.9894598155467721,1.7988980716253444,196.8313195206135,0.09841565976030675,0.6284722222222222,181,107,341.11376452922053,-380.1528353089802,0,-0.7584262397512793,-0.0026327862963080404,-0.7557934534549713,0.340746029317379,0.375278377532959,0.6744179224967957
112,153,200,1020,189,809,22,757,0.9357231149567367,1.9166666666666667,214.21854974446308,0.10710927487223154,0.6888111888111889,197,89,368.1018254395075,-402.1218945609668,0,-0.33335839146748186,-0.002205775771290064,-0.3311526156961918,0.3695753589272499,0.4101156070828438,0.6490222722291946
113,154,200,1030,247,739,44,694,0.939106901217862,1.8155339805825244,179.14879666607038,0.0895743983330352,0.574468085106383,162,120,331.8710867060549,-343.65592543855456,1,0.10217095748521388,-0.02360968105494976,0.12578063854016364,0.656649512052536,0.4345232617855072,0.4768242249265313
114,155,200,1038,312,683,43,677,0.9912152269399708,1.5616570327552985,117.37830960747435,0.058689154803737174,0.49823321554770317,141,142,254.90590945286303,-213.42360613958817,3,0.5301653867214918,-0.00982788510620594,0.5399932718276977,1.2257067024707795,0.36135955452919005,0.6640173953771591
115,156,200,974,240,682,52,677,0.9926686217008798,1.9117043121149897,200.57563904511412,0.10028781952255705,0.7420494699646644,210,73,358.19971372380235,-369.21816951688584,1,-0.13425948293879628,-0.00029034153558313844,-0.13396914140321314,0.5115425735712051,0.45745408833026885,0.5460686355829238
116,157,200,900,218,605,77,552,0.912396694214876,1.9522222222222223,181.34587938349927,0.09067293969174964,0.6159420289855072,170,106,348.7850341111053,-331.09057054775707,2,-0.1951952127448749,-0.009650479292031378,-0.1855447334528435,1.1264832079410554,0.39123628437519076,0.5214176148176193
117,158,200,890,262,582,46,544,0.9347079037800687,1.8382022471910113,151.9402610409112,0.07597013052045559,0.5913978494623656,165,114,310.9031798306945,-267.49398727109116,3,0.3141180929262191,-0.011944405501708388,0.3260624984279275,1.160567730665207,0.4362702086567879,0.6520968765020371
118,159,200,1078,295,716,67,699,0.9762569832402235,1.8172541743970316,201.79042171905988,0.10089521085952993,0.663003663003663,181,92,348.351016771772,-384.04919726794793,0,-0.40730404648929835,0.005626128166913986,-0.41293017465621235,0.489048330783844,0.5383787262439728,0.48916557908058167
119,160,200,879,296,496,87,482,0.9717741935483871,1.89419795221843,164.8837875655791,0.08244189378278954,0.5929824561403508,169,116,335.5234197035397,-299.79474471485685,3,0.3420501356944442,-0.0050317453220486644,0.34708188101649284,1.3945021033287048,0.5484692186117173,0.6338387370109558
120,161,200,1077,231,718,128,690,0.9610027855153204,1.828226555246054,189.375936599861,0.09468796829993051,0.7883211678832117,216,58,334.1786104848231,-372.4659497402667,0,-0.4240371561050415,0.0017160052061080933,-0.4257531613111496,0.2624558871984482,0.6065354561805725,0.43320197582244874
121,162,200,934,398,454,82,417,0.9185022026431718,1.9903640256959314,188.93872970394668,0.09446936485197334,0.6501766784452296,184,99,357.2701552712746,-385.65231685506416,1,-0.004206509655341506,-0.005740374326705933,0.0015338646713644265,0.7375591278076172,0.5619310528039932,0.5250775501132011
122,163,200,997,278,647,72,620,0.9582689335394127,1.889669007021063,181.91382414436717,0.09095691207218358,0.7642857142857142,214,66,339.24646674277517,-360.9021279211643,1,-0.050163071346469225,-0.001822399301454425,-0.0483406720450148,0.364585617929697,0.6160884588956833,0.5898936063051223
123,164,200,966,366,450,150,424,0.9422222222222222,1.7805383022774328,159.94362341259347,0.07997181170629673,0.5615942028985508,155,121,320.45489820686635,-299.4370141457242,2,0.33109510587528346,0.001520725805312395,0.3295743800699711,1.1591386556625367,0.49210658520460127,0.8278103023767471
124,165,200,1026,309,603,114,603,1.0,1.9210526315789473,205.66124323542198,0.10283062161771099,0.7014388489208633,195,83,358.94381506926754,-402.0591151835298,0,-0.3307496797852218,-0.040502588227391244,-0.29024709155783057,0.28639228880405426,0.5659290087223053,0.7207481364409128
125,166,200,1127,239,762,126,742,0.973753280839895,1.7471162377994676,182.4523747319628,0.0912261873659814,0.7031802120141343,199,84,322.7192502109432,-363.38180625426736,0,-0.07135204654186963,-0.00013305433094501495,-0.07121899221092462,0.3860189908742905,0.6229767107963562,0.5840519428253174
126,167,200,1046,208,695,143,683,0.9827338129496402,1.7495219885277247,171.05795093477857,0.08552897546738929,0.6807017543859649,194,91,313.5835717899286,-316.77101007828657,1,0.389695088788867,-0.00275948129594326,0.3924545700848103,0.6178220647573471,0.6001677918434143,0.7086886984109878
127,168,200,1077,356,613,108,610,0.9951060358890701,1.7493036211699164,170.36242839796813,0.08518121419898407,0.7588652482269503,214,68,313.8158222290486,-326.3646492940152,1,0.315389440972358,0.01058016473427415,0.30480927623808385,0.6256210672855377,0.4471693754196167,0.6275345826148987
128,169,200,993,222,666,105,626,0.93993993993994,1.891238670694864,190.47891790242255,0.09523945895121128,0.6523297491039427,182,97,348.87615846382346,-359.1180036187505,1,-0.15593447564169763,-0.001057871710509062,-0.15487660393118857,0.724184638261795,0.4683798462152481,0.5358532682061196
129,170,200,1059,160,778,121,772,0.9922879177377892,1.8564683663833805,205.11082532227516,0.10255541266113757,0.6884057971014492,190,86,350.00603146405405,-382.80272151624,0,-0.06429655119776725,-0.024488560259342193,-0.03980799093842506,0.38000985741615295,0.45205823063850403,0.5503081393241882
130,171,200,964,356,418,190,411,0.9832535885167464,1.6483402489626555,125.7925061934211,0.06289625309671056,0.6115107913669064,170,108,300.9326733094513,-213.40757695083707,4,0.5253124653827399,0.0004564880859106779,0.5248559772968292,1.1455084890127183,0.4333453819155693,0.8323962360620498
131,172,200,1066,298,672,96,641,0.9538690476190477,1.876172607879925,199.34883834063157,0.09967441917031579,0.6843971631205674,193,89,347.63807921065103,-385.2735310802351,0,-0.22170305110514166,0.020623877570033075,-0.24232692867517472,0.41490802466869353,0.4370918309688568,0.6536875414848328
132,173,200,1084,175,804,105,804,1.0,1.679889298892989,171.68484700769253,0.08584242350384626,0.558303886925795,158,125,309.12044078524104,-306.703480198248,1,0.08783345483243465,-0.0036643973737955095,0.09149785220623016,0.6650139367580414,0.38818547010421756,0.7348614716529847
133,174,200,996,227,673,96,666,0.9895988112927192,1.7289156626506024,153.21392844334943,0.07660696422167472,0.5780141843971631,163,119,299.4991381597261,-276.5371257988424,2,0.15144242426758867,-0.001051540054322686,0.15249396432191134,1.162320390343666,0.46214564293622973,0.6842531532049179
134,175,200,869,270,512,87,505,0.986328125,1.7882623705408516,142.53708433180677,0.07126854216590338,0.6392857142857142,179,101,310.3323543390508,-243.8017715160889,4,0.3489805941469967,-0.0030757314525544643,0.3520563255995512,1.2784461587667466,0.42477902919054034,0.8787686139345169
135,176,200,997,227,687,83,684,0.9956331877729258,1.708124373119358,143.7104635396856,0.0718552317698428,0.6309963099630996,171,100,295.8205987444485,-252.48890285436488,3,0.2764767229789868,-0.0018477569101378322,0.2783244798891246,0.5697388380765915,0.4102467507123947,0.8055974304676056
136,177,200,1094,307,688,99,567,0.8241279069767442,1.8153564899451553,190.59237872832844,0.09529618936416422,0.6304347826086957,174,102,345.59106571870973,-374.18358961773725,0,-0.7967802469059825,0.0013580377772450447,-0.7981382846832276,0.792688924074173,0.3106878685951233,0.7537215614318847
137,178,200,1089,277,680,132,676,0.9941176470588236,1.5895316804407713,129.07849499149916,0.06453924749574957,0.5622775800711743,158,123,272.9648303716326,-230.4155211843222,2,0.5115363513305783,-0.020269892625510693,0.531806243956089,0.6906912636756897,0.38692514300346376,0.680240981578827
138,179,200,1024,318,639,67,584,0.9139280125195618,1.86328125,188.42354585922502,0.09421177292961251,0.5851063829787234,165,117,348.43361611219007,-364.0489348299169,1,-0.369048137916252,-0.0021363652776926756,-0.36691177263855934,0.6725144401192665,0.39538565576076506,0.6779606193304062
139,180,200,1097,255,784,58,728,0.9285714285714286,1.8030993618960802,185.75288012927535,0.09287644006463767,0.7813620071684588,218,61,327.44753383915787,-364.8440022979867,0,-0.09673578172922134,-0.002906315624713898,-0.09382946610450744,0.43836655735969543,0.5790972876548767,0.2549981912970543
140,181,200,893,181,601,111,583,0.9700499168053245,2.0750279955207165,215.31198262528977,0.10765599131264489,0.7366548042704626,207,74,383.726368939491,-394.03989070948427,1,0.04500776117201894,-0.0039009668165817858,0.04890872798860073,0.7147871613502502,0.4395201712846756,0.5697299465537071
141,182,200,1059,184,800,75,767,0.95875,1.8649669499527857,202.44060329876126,0.10122030164938063,0.6759581881533101,194,93,348.6546976708158,-383.0956642292129,0,-0.15365192733705044,0.02190190978348255,-0.175553837120533,0.3212174791097641,0.4486642277240753,0.5029431390762329
142,183,200,954,267,638,49,612,0.9592476489028213,1.9685534591194969,197.766185378148,0.098883092689074,0.7632508833922261,216,67,357.5162327894487,-369.22208107179983,1,0.32370269156526776,-0.00013408653903752566,0.3238367781043053,0.6915468215942383,0.3976144328713417,0.6482240647077561
143,184,200,1010,383,496,131,492,0.9919354838709677,1.7722772277227723,163.40552216461734,0.08170276108230867,0.5652173913043478,156,120,318.9259753066644,-305.2446684415445,2,0.23560548587702215,-0.0011474283877760173,0.23675291426479816,0.7973904013633728,0.37641872763633727,0.8718856036663055
144,185,200,979,305,567,107,542,0.9559082892416225,1.7906026557711952,157.2570923166001,0.07862854615830005,0.5860805860805861,160,113,310.0545767930657,-293.0794945565796,2,0.01689645075239241,-0.0011646345257759095,0.01806108527816832,0.9567371666431427,0.37589977979660033,0.7570470035076141
145,186,200,991,232,678,81,621,0.915929203539823,1.805247225025227,161.8208397124377,0.08091041985621886,0.6959706959706959,190,83,317.3102684368889,-301.02245537054597,2,-0.11241419808939099,-0.001126066828146577,-0.11128813126124441,0.8064101070165635,0.41093561947345736,0.7228878676891327
146,187,200,964,320,568,76,567,0.9982394366197183,1.7904564315352698,168.12998912994212,0.08406499456497106,0.6193771626297578,179,110,321.12528785849815,-305.7456571102622,2,0.36937019149772826,-0.002976456331089139,0.3723466478288174,0.8978540688753128,0.44004213958978655,0.9129748642444611
147,188,200,878,394,327,157,327,1.0,1.6298405466970387,98.97239107642471,0.04948619553821236,0.4070175438596491,116,169,264.1914345462888,-172.69517606226185,5,0.18745069639699066,-0.006914804261759855,0.19436550065875052,1.2068930596113205,0.33394353836774826,0.9377021282911301
148,189,200,1089,289,742,58,709,0.9555256064690026,1.8145087235996327,193.99126591112977,0.09699563295556489,0.631578947368421,180,105,339.22929259045617,-377.3492870241846,0,-0.49724103499203925,-0.0027135621383786203,-0.4945274728536606,0.4624166965484619,0.43844542622566224,0.593422166109085
149,190,200,942,192,708,42,684,0.9661016949152542,1.8195329087048833,168.00423114544898,0.0840021155727245,0.6425992779783394,178,99,319.7984627407294,-300.4029172234827,2,0.3013857934623957,0.0004758477210998535,0.3009099457412958,0.909468001127243,0.38611387014389037,0.6823212176561355
150,191,200,1097,270,728,99,684,0.9395604395604396,1.6882406563354604,154.1397210985527,0.07706986054927635,0.6057347670250897,169,110,293.18334294001,-306.30411020084654,1,0.0929453358799219,0.0018152906745672226,0.09113004520535468,0.551990361213684,0.4644702696800232,0.6367981731891632
151,192,200,1072,223,761,88,743,0.9763469119579501,1.853544776119403,198.4048448717228,0.09920242243586139,0.7003610108303249,194,83,345.02584869402943,-381.6316129178624,0,-0.24179650392383337,-0.0068045883625745774,-0.23499191556125879,0.4697548747062683,0.501866055727005,0.4901690590381622
152,193,200,977,316,567,94,495,0.873015873015873,2.0051177072671442,213.88888528397936,0.10694444264198968,0.7101449275362319,196,80,378.37458830056624,-418.1695489993018,0,0.12510505539830774,-0.0013886692235246302,0.12649372462183237,0.5060597881674767,0.4247119650244713,0.6249826937913895
153,194,200,1026,638,304,84,296,0.9736842105263158,1.692007797270955,139.80253969598095,0.06990126984799047,0.775438596491228,221,64,301.7886153587072,-269.1740137361475,3,0.1329079960286617,-0.031034609116613866,0.1639426051452756,1.1502498501352967,0.30452715456485746,0.9049887084960937
154,195,200,944,299,590,55,577,0.9779661016949153,1.972457627118644,194.33468099469204,0.09716734049734602,0.74822695035461,211,71,355.5407047643439,-374.668144816908,1,0.2262302478309721,-0.0054268645588308575,0.23165711238980294,0.7269628882408142,0.47632416486740115,0.5798947662115097
155,196,200,936,246,642,48,522,0.8130841121495327,1.955128205128205,192.99467839364263,0.09649733919682131,0.7816901408450704,222,62,356.0977066752959,-363.5048530973072,1,-0.22559033581055699,-0.006512099364772439,-0.21907823644578456,0.6943322941660881,0.4048861742019653,0.6159248352050781
156,197,200,848,462,320,66,319,0.996875,1.6922169811320755,107.31251053952249,0.05365625526976125,0.6917562724014337,193,86,269.91539638275424,-180.22506400750083,5,0.2773878152482212,-0.0003179804421961308,0.2777057956904173,1.1101260423660277,0.3295996844768524,0.9886547654867173
157,198,200,785,392,316,77,314,0.9936708860759493,1.7426751592356688,111.63275693901167,0.05581637846950584,0.5422535211267606,154,130,294.41081296309596,-182.22592971410052,6,0.34390280819498004,-0.03530437075532973,0.37920717895030975,0.8984333753585816,0.37451483607292174,1.0257630228996277
158,199,200,976,293,549,134,541,0.9854280510018215,1.7797131147540983,165.65749802860384,0.08282874901430191,0.6713286713286714,192,94,321.2327449646608,-304.3057626180838,2,-0.08563573600258678,-0.004323968710377812,-0.08131176729220897,1.092569324374199,0.33331710696220396,0.8244241595268249
159,200,200,1094,229,822,43,793,0.9647201946472019,1.7285191956124315,167.67760069568402,0.08383880034784201,0.7046263345195729,198,83,308.5749636061329,-319.15665464837116,1,-0.6215615424327552,-0.002439370434731245,-0.619122171998024,0.9284057521820068,0.4395743930339813,0.7832932901382447
160,201,200,955,205,668,82,606,0.907185628742515,1.975916230366492,191.74599297858254,0.09587299648929126,0.7288732394366197,207,77,353.89095183887423,-365.6961422697347,1,-0.13460115222260355,-0.0005841177888214588,-0.1340170344337821,0.4242312878370285,0.43859764039516447,0.5783204481005668
161,202,200,987,213,729,45,717,0.9835390946502057,2.0,218.17061820885837,0.10908530910442918,0.7634408602150538,213,66,373.65407527416903,-412.5111072540685,0,-0.3143951651174575,-0.003403373761102557,-0.31099179135635496,0.353722408413887,0.46680775582790374,0.5398469135165215
162,203,200,751,432,278,41,269,0.9676258992805755,1.9720372836218376,143.25386204884526,0.07162693102442264,0.7075812274368231,196,81,330.6502364304936,-246.8102203068218,5,0.3315963300565879,-0.0009625491996606191,0.3325588792562485,3.243765385945638,0.3481429100036621,0.9483200629552205
163,204,200,1120,294,725,101,686,0.9462068965517242,1.7732142857142856,182.06887211948538,0.0910344360597427,0.7263157894736842,207,78,323.2694271622423,-355.3482346094002,0,-0.17284950209781527,0.0009296561405062676,-0.17377915823832155,0.6903224444389343,0.33702053904533386,0.7409460759162902
164,205,200,1054,240,777,37,711,0.915057915057915,1.8823529411764706,201.77962628976437,0.10088981314488218,0.6215277777777778,179,109,353.7836170573254,-391.9610127478313,0,-0.021193457581102845,0.0022085316106677053,-0.023401989191770552,0.4695023763179779,0.35565531730651856,0.5950903272628785
165,206,200,1038,221,756,61,731,0.966931216931217,1.9142581888246628,199.73046717252308,0.09986523358626154,0.7956989247311828,222,57,347.93004074783744,-385.6646284061336,0,0.0879984496285518,-0.025208432245999574,0.11320688187455137,0.3420098984241486,0.3874883544445038,0.3741793244456251
166,207,200,1019,311,655,53,627,0.9572519083969465,1.946025515210991,204.90521442946675,0.10245260721473337,0.6714801444043321,186,91,362.0136771808744,-409.88167122602397,0,0.24504484618082645,-0.0026603459380567076,0.24770519211888314,0.31567641273140906,0.4703707233071327,0.6086600363254547
167,208,200,1111,293,636,182,629,0.9889937106918238,1.6912691269126914,156.2342365871765,0.07811711829358825,0.5633802816901409,160,124,299.5541057621929,-300.9348549431767,1,0.19171993758529424,-0.01313129398971796,0.2048512315750122,0.6646631622314453,0.38322146773338317,0.5841441977024079
168,209,200,906,306,450,150,449,0.9977777777777778,1.9227373068432672,179.70917073578303,0.08985458536789151,0.6227758007117438,175,106,358.74756154439916,-325.372974571665,2,0.043756127954111435,0.00014024360571056603,0.04361588434840087,0.968699061870575,0.4044682547450066,0.7946989387273788
169,210,200,925,225,574,126,562,0.9790940766550522,1.8302702702702702,164.32203771737258,0.08216101885868629,0.648936170212766,183,99,320.5277759615528,-304.68018354716656,2,-0.001643285132013261,-0.005674258549697697,0.004030973417684436,0.7310653001070022,0.3474738821387291,0.5599701479077339
170,211,200,1115,184,833,98,820,0.9843937575030012,1.787443946188341,185.9696359401839,0.09298481797009195,0.7372262773722628,202,72,323.81893398286803,-360.8629104141045,0,-0.29000403271988034,-0.0008420691080391407,-0.2891619636118412,0.5603170740604401,0.5352612566947937,0.5854964208602905
171,212,200,955,363,516,76,515,0.998062015503876,1.712041884816754,124.26077836449497,0.06213038918224748,0.5602836879432624,158,124,304.2087042311085,-225.92433953152477,5,0.601597719360143,-0.0017673681490123273,0.6033650875091553,1.1612941384315492,0.5008296728134155,0.7868612617254257
172,213,200,718,301,276,141,249,0.9021739130434783,2.3036211699164344,196.48635099939673,0.09824317549969837,0.7237762237762237,207,79,391.81637746982176,-354.9389866166658,3,-0.06682528625242412,-0.004341389502709111,-0.06248389674971501,1.4447657982508342,0.31379692753156024,0.6526970624923706
173,214,200,913,249,570,94,548,0.9614035087719298,2.1588170865279297,235.94761063751136,0.11797380531875568,0.7773851590106007,220,63,407.36393328288176,-449.0303186487532,0,-0.23901777788996698,0.0035492386668920517,-0.24256701655685903,0.3879916131496429,0.43767273277044294,0.4576615571975708
174,215,200,980,297,576,107,526,0.9131944444444444,2.0153061224489797,217.36323130807298,0.10868161565403649,0.7581227436823105,210,67,382.1476868591646,-423.377672657395,0,-0.19033236062969083,-0.0017933894589077682,-0.18853897117078305,0.2519432671368122,0.5196040123701096,0.5036265790462494
175,216,200,835,410,384,41,378,0.984375,1.81437125748503,137.65246467763203,0.06882623233881602,0.5368421052631579,153,132,307.45463409171134,-249.06595263262938,4,0.28482001516968014,0.008488682098686695,0.27633133307099345,1.8722353100776672,0.4965742141008377,0.8077360600233078
176,217,200,645,305,305,35,299,0.980327868852459,2.158139534883721,160.02531977789272,0.08001265988894636,0.6385964912280702,182,103,356.3214923290471,-271.7248643809871,5,0.2617047052830458,0.0009023404369751612,0.2608023648460706,1.388533624013265,0.3856912632783254,0.8767365932464599
177,218,200,895,409,342,144,342,1.0,1.7988826815642458,144.54839919697602,0.072274199598488,0.5971731448763251,169,114,311.7486439708762,-267.1562211917799,3,-0.02082233428955078,0.0038498472422361374,-0.024672181531786918,1.1460152506828307,0.3582644149661064,0.9006106078624725
178,219,200,883,446,339,98,283,0.8348082595870207,1.9048697621744055,162.49206589734138,0.0812460329486707,0.6441281138790036,181,100,349.2297337342255,-299.3623514308007,3,-0.0035821830155327913,0.003243899205699563,-0.006826082221232354,1.5269683182239533,0.2895123817026615,0.8744947373867035
179,220,200,1090,343,606,141,585,0.9653465346534653,1.818348623853211,186.4866472648199,0.09324332363240996,0.7758007117437722,218,63,334.6306207460715,-378.51223725137487,0,-0.22548748375847935,0.011360755022615195,-0.23684823878109454,0.6217431914806366,0.4716637969017029,0.7049784064292908
180,221,200,762,392,295,75,249,0.8440677966101695,2.136482939632546,180.16404395309746,0.09008202197654873,0.7148014440433214,198,79,379.2825944803586,-318.9806932055037,4,0.15625061549944802,-0.0011215343256480992,0.15737214982509612,2.1519627968470254,0.24893648326396942,0.8434329986572265
181,222,200,1124,206,790,128,785,0.9936708860759493,1.75355871886121,184.60558181907143,0.09230279090953572,0.7060931899641577,197,82,320.8339196586988,-355.44843294463794,0,-0.42189099527895446,0.0005212073773145676,-0.42241220265626905,0.37682790994644166,0.46716055035591125,0.7138783288002014
182,223,200,1039,182,778,79,766,0.9845758354755784,1.9018286814244465,208.60208465112643,0.10430104232556321,0.7132616487455197,199,80,356.1998356476282,-390.1365992022122,0,0.25025936841964724,0.03406766220927238,0.21619170621037484,0.257828528881073,0.48888731241226197,0.790528814792633
183,224,200,935,270,583,82,542,0.9296740994854202,1.988235294117647,201.5312764828959,0.10076563824144795,0.7253521126760564,206,78,366.4090768295309,-377.8612288729693,1,0.31898600165150126,-0.0007853265444282443,0.3197713281959295,0.7601274490356446,0.40504303723573687,0.7499683171510696
184,225,200,971,210,691,70,685,0.9913169319826338,1.8187435633367661,167.56664620135302,0.08378332310067652,0.7269503546099291,205,77,321.0566596370525,-304.68523897775214,2,-0.10456496432889253,-0.002906830864958465,-0.10165813346393407,0.551175732910633,0.4240346968173981,0.8087358921766281
185,226,200,1094,348,647,99,605,0.9350850077279753,1.7961608775137112,194.17746725255174,0.09708873362627587,0.6413043478260869,177,99,340.8243248658667,-377.43674548650745,0,0.10273201810196042,0.005394975505769253,0.09733704259619116,0.6157217383384704,0.3968582546710968,0.9531717562675476
186,227,200,1095,255,754,86,730,0.9681697612732095,1.8182648401826484,198.31782606031032,0.09915891303015516,0.6523297491039427,182,97,344.2325662853383,-372.5861129441275,0,-0.3554781460389495,-0.0030423830449581146,-0.3524357629939914,0.6198965668678283,0.3371960151195526,0.9082774162292481
187,228,200,998,177,767,54,746,0.9726205997392438,1.9018036072144289,195.59529046494856,0.09779764523247428,0.6979166666666666,201,87,350.4308120809263,-359.3072942468298,1,0.7700300899799912,-0.0012506129685789346,0.7712807029485702,0.7061367765069008,0.3729387402534485,0.7030432552099228
188,229,200,881,378,452,51,452,1.0,1.6549375709421112,102.91091312686135,0.051455456563430674,0.4981949458483754,138,139,280.7933825917677,-171.3623607214003,6,0.5742165901698173,-0.006228180881589651,0.5804447710514069,1.218849389255047,0.3053808629512787,0.984589946269989
189,230,200,1011,142,796,73,783,0.9836683417085427,1.9485657764589515,222.13059539612524,0.11106529769806263,0.6785714285714286,190,90,373.3298729508928,-401.5011728322439,0,-1.0049348320710123,0.00027174987917533144,-1.0052065819501876,0.6294829979538917,0.40273942351341246,0.8379174381494522
190,231,200,733,239,414,80,401,0.9685990338164251,2.2251023192360164,194.01415312131817,0.09700707656065909,0.6280701754385964,179,106,375.6412158107869,-332.6171350218051,3,0.2796491178373496,-0.0016141238311926523,0.2812632416685422,1.772293225924174,0.3630122701327006,0.892803680896759
191,232,200,922,158,680,84,676,0.9941176470588236,1.9891540130151844,206.1263675661028,0.1030631837830514,0.7247386759581882,208,79,362.6829665371096,-367.49832040740836,1,-0.0820300500607118,-0.0018649640725925565,-0.08016508598811925,0.5843131974339485,0.36196124404668806,1.0485502451658248
192,233,200,1002,97,831,74,817,0.9831528279181708,1.9650698602794412,223.39826223505125,0.11169913111752562,0.7463768115942029,206,70,373.32674588423913,-399.5096075943683,0,-1.4439691274194049,-0.001010766508989036,-1.4429583609104157,0.5548349902033806,0.36152257174253466,0.8101219892501831
193,234,200,948,312,513,123,513,1.0,1.4926160337552743,83.88079135189902,0.04194039567594951,0.40070921985815605,113,169,231.1627234549234,-133.49154150375102,5,0.8269754550885409,-0.00021354039199650288,0.8271889954805374,2.2465946197509767,0.3300867199897766,0.8906430065631866
194,235,200,1002,102,873,27,833,0.9541809851088202,1.967065868263473,216.37320213230447,0.10818660106615223,0.773851590106007,219,64,365.3930667953234,-393.9077011889433,0,0.5527703876839951,0.0007143973605707287,0.5520559903234243,0.44525650292634966,0.23631995916366577,0.8450629860162735
195,236,200,1268,154,1063,51,1028,0.967074317968015,1.5772870662460567,155.13581814691267,0.07756790907345633,0.6148409893992933,174,109,268.2484736947592,-295.1119150958683,0,-0.46649396374821667,-0.0005656732618808747,-0.46592829048633577,0.47738754749298096,0.27969810962677,0.7794802379608154
196,237,200,932,80,786,66,779,0.9910941475826972,2.023605150214592,213.67848955267107,0.10683924477633554,0.7560975609756098,217,70,371.2437983548534,-371.05789648111494,1,-0.41696126675233247,-0.0029185482300817965,-0.41404271852225066,0.5538232252001762,0.27690616250038147,0.7742835134267807
197,238,200,1050,286,705,59,683,0.9687943262411347,1.3914285714285715,68.5614266664664,0.0342807133332332,0.32142857142857145,90,190,205.89465492996115,-109.88855400448426,5,1.1258466613292695,0.006610759496688843,1.1192359018325806,0.7685256338119507,0.2427145481109619,0.7993505001068115
198,239,200,1012,162,824,26,773,0.9381067961165048,1.9456521739130435,218.45695130703336,0.10922847565351668,0.6537102473498233,185,98,369.38682996525426,-397.7501283320147,0,-0.5892666362226009,-0.000516057014465332,-0.5887505792081356,0.6515499636530876,0.1645420677959919,0.8272558718919754
199,240,200,1135,51,1051,33,1049,0.9980970504281637,1.7374449339207048,195.87526700663074,0.09793763350331537,0.5719298245614035,163,122,323.5623259224855,-343.9784288277383,0,-0.8327834780240664,0.01097354720288422,-0.8437570252269506,0.519959967136383,0.20775483667850494,0.7775891542434692
200,241,200,931,147,756,28,654,0.8650793650793651,1.8764769065520945,176.16603709961538,0.08808301854980768,0.6063829787234043,171,111,336.8251396586013,-311.33274831692347,2,0.5607854544650763,-0.0015193429309874773,0.5623047973960638,0.9608293801546097,0.16275892928242683,0.7836166322231293
201,242,200,1014,225,759,30,753,0.9920948616600791,1.5512820512820513,109.3340838927418,0.0546670419463709,0.5821428571428572,163,117,251.07603143315072,-178.3936956582154,4,0.5608802126953378,-8.93676420673728e-05,0.5609695803374052,0.8659361213445663,0.1623183973133564,0.8696201294660568
202,243,200,841,244,564,33,503,0.8918439716312057,2.028537455410226,201.02882016590345,0.10051441008295173,0.6788321167883211,186,88,375.19096888224175,-353.40540936564395,2,-0.5053377737989649,0.00201928885653615,-0.5073570626555011,1.3196288853883744,0.1567053020000458,0.7606026917695999
203,244,200,895,388,472,35,458,0.9703389830508474,1.84804469273743,154.16337411213408,0.07708168705606704,0.5052631578947369,144,141,329.7967239027172,-266.1037399330931,4,0.3210660676006228,-0.0027900037821382284,0.323856071382761,1.327396422624588,0.18549832180142403,0.8369310349225998
204,245,200,1199,251,924,24,919,0.9945887445887446,1.5654712260216848,147.8808746232043,0.07394043731160216,0.6498194945848376,180,97,270.44279683418586,-275.56525465842185,1,-0.9037021575495601,-0.005306056551635265,-0.8983961009979248,0.8630523455142974,0.22050516903400422,0.898311595916748
205,246,200,1008,186,793,29,740,0.9331651954602774,1.9265873015873016,217.84262069072176,0.10892131034536089,0.6886446886446886,188,85,372.23234897356485,-403.6509973512351,0,-0.596531525044702,-0.0008967099478468299,-0.5956348150968551,0.5321705996990204,0.33167126029729843,0.7217569380998612
206,247,200,1115,250,825,40,805,0.9757575757575757,1.7820627802690583,191.78065497507907,0.09589032748753953,0.7048611111111112,203,85,330.3631964479588,-363.30924487977495,0,0.19287588177248835,0.0040689253620803355,0.188806956410408,0.34942576467990877,0.283758065700531,0.9889576697349548
207,248,200,933,128,752,53,736,0.9787234042553191,1.8928188638799572,182.9300809779736,0.0914650404889868,0.5760869565217391,159,117,343.09017944492814,-315.46938216222367,2,0.5760376397985965,-0.001475230185315013,0.5775128699839115,0.8790004253387451,0.28233056515455246,0.7673115253448486
208,249,200,983,220,722,41,702,0.9722991689750693,1.9175991861648016,194.02829741316575,0.09701414870658287,0.7402135231316725,208,73,348.75524204271676,-359.6408838235619,1,0.3010285024996847,-0.0013053941074758768,0.3023338966071606,0.6534467697143554,0.3608343154191971,0.9041338980197906
209,250,200,981,185,735,61,704,0.9578231292517007,2.00203873598369,221.92277630788644,0.11096138815394321,0.7429577464788732,211,73,378.99715449882376,-410.0372726619893,0,-0.5852441543247551,-0.0033460916485637425,-0.5818980626761914,0.5882855638861656,0.3542241260409355,0.87373948097229
210,251,200,1038,233,766,39,735,0.9595300261096605,1.8265895953757225,181.91795220207533,0.09095897610103766,0.6402877697841727,178,100,330.91814649156805,-342.87709353127167,1,0.23959862824529407,-0.015503756441175938,0.25510238468647,0.6466115140914916,0.3113652169704437,0.9650600492954254
211,252,200,1057,286,742,29,738,0.9946091644204852,1.6291390728476822,142.4076399182525,0.07120381995912625,0.6438848920863309,179,99,278.9431641534109,-262.8198522746777,2,0.5362753615528345,0.001885300651192665,0.5343900609016419,0.7962802159786224,0.3700611448287964,1.0182388830184936
212,253,200,1012,232,731,49,690,0.9439124487004104,1.9505928853754941,211.25482262977954,0.10562741131488977,0.7553956834532374,210,68,367.1227310945718,-404.3072058180102,0,-0.41180077181197705,-0.0015632203314453364,-0.4102375514805317,0.5797706857323647,0.38781929612159727,0.9383951634168625
213,254,200,874,137,662,75,644,0.972809667673716,2.0938215102974826,213.97223623134607,0.10698611811567303,0.7562724014336918,211,68,377.0360066705536,-378.99481970985545,1,0.21756060154875742,-0.01396739026531577,0.2315279918140732,0.8575854271650314,0.3243937388062477,0.7766326159238816
214,255,200,880,181,655,44,635,0.9694656488549618,2.106818181818182,218.5732996440997,0.10928664982204986,0.7706093189964157,215,64,384.2109923326593,-390.9186270149935,1,0.03693550731986761,0.0033179577905684708,0.03361754952929914,0.6228966221213341,0.3686192825436592,1.0077746212482452
215,256,200,1048,267,687,94,644,0.9374090247452693,1.8702290076335877,209.92146781071898,0.1049607339053595,0.6903914590747331,194,87,362.19154958646664,-395.27637081586494,0,-0.1269169911555946,0.008468415942043067,-0.13538540709763766,0.5068310719728469,0.4118976056575775,0.9346828508377075
216,257,200,1042,155,810,77,794,0.980246913580247,1.9030710172744723,207.61185924505668,0.10380592962252834,0.7445255474452555,204,70,353.9073949979273,-387.1350712266071,0,-0.09447072342038154,0.03376839324831962,-0.12823911666870116,0.41819894313812256,0.529911482334137,0.8774504819512368
217,258,200,1042,229,754,59,730,0.9681697612732095,1.9069097888675623,201.00501764902168,0.10050250882451084,0.6903914590747331,194,87,349.94221954223093,-391.12422429170147,0,0.13485489185666663,-0.007161584757268429,0.14201647661393507,0.26946649938821793,0.5083130061626434,0.9977978277206421
218,259,200,868,169,603,96,554,0.9187396351575456,2.164746543778802,228.59290202748855,0.11429645101374428,0.7482517482517482,214,72,406.60067111951355,-408.1921241426041,1,-0.0151779847452417,-0.012784714298322796,-0.002393270446918905,0.7241992965340615,0.35946458429098127,0.7967180192470551
219,260,200,909,332,482,95,463,0.9605809128630706,1.6853685368536853,125.04336004883834,0.06252168002441917,0.539568345323741,150,128,288.2289739066366,-226.70788632138664,4,0.5118647356051952,-0.004724870203062892,0.5165896058082581,1.7554431915283204,0.5051710069179535,0.9110433518886566
220,261,200,1063,206,716,141,683,0.9539106145251397,1.7375352775164628,164.01376326259145,0.08200688163129573,0.7385159010600707,209,74,307.17979818330275,-312.0814358637646,1,0.13108006332069636,0.015842868499457836,0.11523719482123852,0.5906073427200318,0.5243227136135101,0.9436408472061157
221,262,200,771,380,253,138,248,0.9802371541501976,1.8586251621271077,128.4841443217512,0.06424207216087559,0.6607142857142857,185,95,324.98529066907224,-215.16663523789708,6,0.2265710111358203,0.017445614829193802,0.2091253963066265,1.2431087493896484,0.5395792618393898,0.9797977715730667
222,263,200,915,394,268,253,171,0.6380597014925373,1.8065573770491803,145.78765225328257,0.07289382612664129,0.5776173285198556,160,117,338.3907730281128,-276.4986729287847,4,-0.12705136170843614,-0.006929020816460252,-0.1201223408919759,1.4544666171073914,0.5243194878101349,0.9406905204057694
223,264,200,990,217,696,77,689,0.9899425287356322,2.006060606060606,219.14404439170156,0.10957202219585077,0.7667844522968198,217,66,377.7451079323333,-418.31430659179205,0,-0.1247936837375164,-0.001611075457185507,-0.1231826082803309,0.6553889125585556,0.6452085375785828,0.914060041308403
224,265,200,961,331,395,235,394,0.9974683544303797,1.805411030176899,155.34615143523695,0.07767307571761847,0.6521739130434783,180,96,325.4229634186718,-287.784563469314,3,0.28433247735956685,-0.004979410523083061,0.2893118878826499,1.0199192702770232,0.5828342020511628,0.9943764954805374
225,266,200,914,224,514,176,484,0.9416342412451362,1.951859956236324,174.75216995972673,0.08737608497986336,0.7275985663082437,203,76,341.5543797406895,-328.66626390645933,2,-0.22836536564864218,-0.006460382882505655,-0.22190498276613652,1.0564500123262406,0.5681696683168411,0.9148663997650146
226,267,200,1236,390,751,95,649,0.8641810918774967,1.6076051779935274,143.26357787998793,0.07163178893999397,0.7086330935251799,197,81,275.3273526897902,-324.6559666070398,0,-0.04425203671678901,-0.0033222007378935813,-0.04092983597889543,0.43280539035797116,0.6439841222763062,0.856628258228302
227,268,200,910,352,392,166,320,0.8163265306122449,1.9692307692307693,185.8640373268298,0.0929320186634149,0.6842105263157895,195,90,369.92943207437503,-344.16222508614453,2,0.023572157649323345,-0.005651880451478064,0.02922403810080141,1.1102882117033004,0.43137107491493226,0.9490757167339325
228,269,200,1034,288,630,116,626,0.9936507936507937,1.8133462282398454,183.113441246897,0.0915567206234485,0.7632508833922261,216,67,336.6010954939987,-353.07496001664975,1,-0.24454864770012058,-0.035598967745900156,-0.20894967995422042,0.4717702132463455,0.5899785196781159,0.8428525354551233
229,270,200,1025,371,509,145,483,0.9489194499017681,1.7795121951219512,166.39746013150665,0.08319873006575332,0.6268115942028986,173,103,330.64472794578586,-325.0686300928081,2,0.01812443517148496,-0.08854240115731954,0.1066668363288045,0.7647036749497056,0.6147737863659859,0.9232125908136368
230,271,200,937,392,418,127,408,0.9760765550239234,1.8356456776947705,162.70233991220223,0.08135116995610112,0.597864768683274,168,113,326.14341711803297,-324.12273104089013,2,0.15079590035602453,-0.001718511525541544,0.15251441188156606,0.9612469702959061,0.6645230114459991,0.9610203027725219
231,272,200,1023,412,438,173,433,0.9885844748858448,1.8377321603128054,185.2860650598436,0.0926430325299218,0.6895306859205776,191,86,355.53105027117346,-356.7515171951807,1,-0.04237235439941287,-0.0022006277926266194,-0.04017172660678625,0.9576671332120895,0.5419596940279007,0.9717313587665558
232,273,200,878,393,323,162,286,0.8854489164086687,2.082004555808656,200.4687789238853,0.10023438946194266,0.6285714285714286,176,104,388.94597653422335,-381.29604484583786,2,-0.08674527239054441,-0.008699947502464056,-0.07804532488808036,1.1905516266822815,0.4733265429735184,0.9974166810512543
233,274,200,1090,395,499,196,484,0.969939879759519,1.8055045871559634,184.08470993576447,0.09204235496788224,0.7153024911032029,201,80,336.1697855794881,-378.29931208509305,0,-0.20867025979794562,-0.005139869609847665,-0.20353039018809796,0.32766566395759583,0.5668761205673217,0.9582621264457702
234,275,200,1029,445,462,122,360,0.7792207792207793,1.9183673469387754,197.87376181197476,0.09893688090598737,0.7435897435897436,203,70,361.65834128414633,-407.81150049821554,0,-0.023590570949018008,-0.07931873671710492,0.05572816576808691,0.4032211112976074,0.5695837712287903,0.9024362993240357
235,276,200,1007,362,525,120,524,0.9980952380952381,1.9632571996027806,208.36748001751852,0.10418374000875925,0.7071428571428572,198,82,366.820574696395,-413.55669528332874,0,-0.24788294206373393,-0.0033583549316972493,-0.24452458713203667,0.29021248295903207,0.6401710838079453,0.9396776705980301
236,277,200,748,452,178,118,178,1.0,1.7780748663101604,103.40564687870831,0.05170282343935415,0.5745454545454546,158,117,311.2891894577494,-153.98291993054468,7,0.18539928669730824,-0.0006110469500223795,0.1860103336473306,2.7051440636316935,0.4902537663777669,1.1691712538401287
237,278,200,869,425,329,115,329,1.0,1.7042577675489068,103.5096588815468,0.0517548294407734,0.4575645756457565,124,147,287.2649145006691,-183.35975590394665,6,0.17351835640147328,0.0028573556803166865,0.17066100072115659,0.6216409206390381,0.6124604225158692,1.199771124124527
238,279,200,774,339,333,102,286,0.8588588588588588,2.1188630490956073,178.17445402594953,0.08908722701297477,0.7021276595744681,198,84,365.72755081828393,-335.25095265107905,3,0.08067903980263509,0.045299367455299944,0.03537967234733515,1.5082973033189773,0.584222038090229,0.927185034006834
239,280,200,1011,335,582,94,559,0.9604810996563574,1.9574678536102867,205.65937327515206,0.10282968663757604,0.8081180811808119,219,52,362.5172443243398,-408.49199895260307,0,-0.2202055101748556,-0.001332938577979803,-0.2188725715968758,0.47617793530225755,0.5539015799760818,0.9769886136054993
240,281,200,988,328,579,81,556,0.9602763385146805,1.9949392712550607,209.25573595034842,0.10462786797517422,0.7214285714285714,202,78,367.6297952299643,-413.9913147570316,0,0.06818345384672285,-0.008974793646484614,0.07715824749320746,0.2656651146709919,0.5976839244365693,0.9802940964698792
241,282,200,813,350,405,58,403,0.9950617283950617,2.07380073800738,179.85924807895967,0.08992962403947984,0.784452296819788,222,61,360.59253667554935,-329.45464410858244,3,0.2278531753923744,0.002377496240660548,0.22547567915171385,1.2458214282989502,0.5515467584133148,0.9989562660455704
242,283,200,777,346,293,138,293,1.0,2.099099099099099,175.20343512684636,0.08760171756342318,0.7021276595744681,198,84,370.19356802209086,-313.2407961945083,4,0.27263150494545696,0.042917408235371116,0.22971409671008586,1.2119052141904831,0.5381352081894875,1.018557643890381
243,284,200,978,287,551,140,542,0.9836660617059891,2.0306748466257667,220.96740960259456,0.11048370480129728,0.7588652482269503,214,68,384.97507875820094,-424.0549088974658,0,-0.2289695342828054,-0.002294383803382516,-0.22667515047942288,0.69522273093462,0.6006940424442291,0.8306470900774002
244,285,200,1072,298,658,116,655,0.9954407294832827,1.8292910447761195,196.43196901396104,0.09821598450698052,0.7292418772563177,202,75,345.95807256040285,-390.51611984493684,0,-0.04094306768849492,-0.015411569811403751,-0.02553149787709117,0.25482818692922593,0.731733751296997,1.010045895576477
245,286,200,1101,340,598,163,598,1.0,1.7947320617620346,185.00445864839838,0.09250222932419919,0.7192982456140351,205,80,328.63034334054043,-373.73842996562246,0,0.11423631828278304,-0.019237385876476765,0.1334737041592598,0.313808856010437,0.6618412828445435,1.0982516717910766
246,287,200,955,372,257,326,257,1.0,1.6335078534031413,104.41034858081422,0.05220517429040711,0.5633802816901409,160,124,304.52136331681737,-168.40609893670202,7,0.16992723662406206,-0.0070945432409644125,0.17702177986502649,1.7287818282842635,0.5888929754495621,1.2494858086109162
247,288,200,843,367,227,249,226,0.9955947136563876,1.7686832740213523,113.92555877200284,0.05696277938600142,0.5907473309608541,166,115,311.1491532082181,-184.3411281339108,6,0.16053515554522163,-0.003264547575963661,0.1637997031211853,1.1190072745084763,0.5955322593450546,1.1086713671684265
248,289,200,1106,360,470,276,304,0.6468085106382979,1.7947558770343581,175.7963014563067,0.08789815072815335,0.6509090909090909,179,96,356.5522713105768,-351.24995752224703,0,0.026517105642706155,-0.0004978502169251442,0.0270149558596313,0.7792020583152771,0.47935206174850464,0.9954071545600891
249,290,200,1160,333,388,439,388,1.0,1.4801724137931034,96.2532609087423,0.048126630454371155,0.44404332129963897,123,154,259.4047540754369,-176.21938492275885,4,0.16276952244341372,0.004024993106722832,0.1587445293366909,0.756735291481018,0.5721444106101989,1.2306555604934692
250,291,200,976,167,711,98,706,0.9929676511954993,1.944672131147541,205.35241895273876,0.10267620947636938,0.7535211267605634,214,70,366.9627482983323,-378.0076013468371,1,-0.522801082173828,-0.007133827696088701,-0.5156672544777393,0.816449448466301,0.5337756037712097,1.0462330400943756
251,292,200,1013,293,600,120,580,0.9666666666666667,1.8479763079960514,181.03630881835275,0.09051815440917638,0.7295373665480427,205,76,334.8342408147975,-350.76414162277115,1,0.29883575334679335,-0.0011160399997606873,0.29995179334655403,0.5746383890509605,0.5480070263147354,1.1029135882854462
252,293,200,934,244,580,110,524,0.903448275862069,1.8940042826552463,167.76515042104668,0.08388257521052334,0.721830985915493,205,79,331.11651185491326,-320.39157075380564,2,0.0313343355723191,-0.004834594391286373,0.036168929963605476,0.8032465934753418,0.5457847565412521,1.0433480441570282
253,294,200,997,240,655,102,638,0.9740458015267176,1.8465396188565697,182.5999877818867,0.09129999389094336,0.75,213,71,329.38993726677256,-335.41088886043235,1,-0.3542132096074056,-0.0036016313068103047,-0.3506115783005953,0.6925998240709305,0.45735921412706376,1.1631454885005952
254,295,200,874,254,446,174,443,0.9932735426008968,1.7254004576659039,121.65182001436742,0.06082591000718371,0.6395759717314488,181,102,295.74659052247824,-205.07367182732145,5,0.3086649714037776,0.0035902331583201885,0.3050747382454574,1.5018039107322694,0.5006611958146095,1.183687335252762
255,296,200,904,270,363,271,350,0.9641873278236914,1.6836283185840708,117.61356812672422,0.05880678406336211,0.5693950177935944,160,121,301.1612936143836,-189.49818040389815,4,0.052731541357934474,-0.01457760869525373,0.0673091500531882,0.8959949433803558,0.5369005605578423,1.1199586272239686
256,297,200,953,166,650,137,647,0.9953846153846154,1.9695697796432319,200.26241390397414,0.10013120695198707,0.7410071942446043,206,72,356.71482002180653,-362.63377358769105,1,-0.31730729328701274,-0.004300572595093399,-0.3130067206919193,0.9426129788160325,0.40467307418584825,1.0410617411136627
257,298,200,940,181,638,121,602,0.9435736677115988,1.9425531914893617,187.3376589819227,0.09366882949096135,0.662020905923345,190,97,355.34816405591465,-338.4606016059448,2,-0.30560826160945,-0.005146170826628804,-0.30046209078282116,0.7737545102834702,0.48782373666763307,1.058911642432213
258,299,200,1062,266,665,131,627,0.9428571428571428,1.856873822975518,195.29485168745578,0.09764742584372789,0.6870503597122302,191,87,343.8619970541266,-383.2799525304714,0,0.012894546985626221,-0.01039886698126793,0.02329341396689415,0.5580179512500762,0.49688596367835997,1.077140440940857
259,300,200,1132,247,796,89,796,1.0,1.7588339222614842,186.0451059800449,0.09302255299002245,0.7392857142857143,207,73,322.1118361785957,-358.30758637539435,0,0.029748940405697796,-0.0012752455845475197,0.031024185990245316,0.26884052991867063,0.5687943005561829,1.2518765592575074
260,301,200,1067,177,679,211,624,0.9189985272459499,1.775070290534208,177.32744408190274,0.08866372204095137,0.6347517730496454,179,103,342.96788783374046,-323.58286223184075,2,-0.3788615334779024,-0.03352575957775116,-0.34533577390015124,0.7634886181354523,0.43064418792724607,1.0036727833747863
261,302,200,987,224,705,58,698,0.9900709219858156,1.9756838905775076,222.8488456439616,0.1114244228219808,0.7122302158273381,198,80,379.78904743648974,-416.1373849365269,0,-0.0030616982374340298,-0.000767943449318409,-0.002293754788115621,0.3319131277501583,0.4620279476046562,1.1559581458568573
262,303,200,947,348,359,240,212,0.5905292479108635,1.8447729672650475,156.82499969565075,0.07841249984782538,0.6254416961130742,177,106,350.0108450423294,-286.030030694246,3,0.08658704427070915,-0.00425543817691505,0.0908424824476242,1.4003449857234955,0.3946610763669014,1.1736747205257416
263,304,200,1004,261,514,229,512,0.9961089494163424,1.7589641434262948,160.7129787052279,0.08035648935261396,0.6535714285714286,183,97,315.392500273928,-300.9580446392692,2,0.14575838088057935,-0.001528652710840106,0.14728703359141945,0.9353080540895462,0.5139769271016121,1.157339835166931
264,305,200,947,333,332,282,332,1.0,1.7159450897571278,136.3727526345356,0.0681863763172678,0.6245487364620939,173,104,306.1092567465625,-239.5045903202443,4,0.2459797657094896,-0.0038488763384521008,0.2498286420479417,0.9645531058311463,0.525645749270916,1.2389763474464417
265,306,200,998,298,257,443,254,0.9883268482490273,1.7044088176352705,137.62347801826982,0.06881173900913491,0.5971223021582733,166,112,331.9238488195971,-222.37225890277332,3,0.0653705491218716,-0.0003530698362737894,0.06572361895814538,1.273107361793518,0.4408253103494644,1.0951867580413819
266,307,200,1051,168,735,148,734,0.998639455782313,1.9029495718363463,207.14172951386283,0.10357086475693142,0.7617328519855595,211,66,352.8445228967604,-384.3393629489517,0,-0.5793743620067835,-0.016396162286400794,-0.5629781997203827,0.5254097157716751,0.5443299627304077,1.162637300491333
267,308,200,1025,173,656,196,581,0.885670731707317,1.9180487804878048,207.59949477793973,0.10379974738896987,0.7122302158273381,198,80,364.67644589321503,-395.30584283014,0,-0.4352138827368617,-0.09280310560017824,-0.34241077713668344,0.5057045692950487,0.5449308842420578,0.9209398418664932
268,309,200,1000,268,496,236,480,0.967741935483871,1.891,189.17124825984482,0.09458562412992241,0.7326388888888888,211,77,345.59417449378145,-354.7475219483136,1,0.0446909494465217,-0.0016630205791443586,0.04635397002566606,0.8378248393535614,0.518694081902504,1.0603744029998778
269,310,200,1185,232,757,196,741,0.9788639365918098,1.6776371308016877,172.9751882945134,0.0864875941472567,0.7,196,84,311.7164414449208,-329.2164943641403,0,0.0939377852587495,-0.004968844124814496,0.098906629383564,0.5138698196411133,0.4935895264148712,1.0615646481513976
270,311,200,1053,215,597,241,539,0.9028475711892797,1.8613485280151947,199.76808594950788,0.09988404297475394,0.7247386759581882,208,79,352.6697324649068,-385.235392904416,0,0.24449655998498201,-0.0019499657675623894,0.24644652575254442,0.434207107424736,0.555254361629486,1.0067084193229676
271,312,200,992,211,575,206,565,0.9826086956521739,1.7358870967741935,156.2092199640645,0.07810460998203224,0.5699300699300699,163,123,302.3346298921557,-280.05514041914114,2,0.19283312410116196,-0.0020878241397440434,0.194920948240906,0.9047070890665054,0.5566014528274537,1.131525194644928
272,313,200,974,154,660,160,544,0.8242424242424242,1.906570841889117,184.58578842509309,0.09229289421254654,0.8021201413427562,227,56,345.9470595211318,-352.2798233040761,1,-0.21053512442158534,-0.007585920870769769,-0.20294920355081558,0.5128757804632187,0.5833182722330094,1.0281342893838883
273,314,200,1071,205,714,152,663,0.9285714285714286,1.8674136321195145,199.23271052332873,0.09961635526166436,0.7086330935251799,197,81,346.6827847095359,-378.92397092371914,0,-0.055549535416066644,0.0007062714919447899,-0.056255806908011435,0.3761778920888901,0.5135551607608795,1.007274899482727
274,315,200,884,241,474,169,456,0.9620253164556962,1.987556561085973,187.23664011645707,0.09361832005822854,0.6549295774647887,186,98,357.2676766141877,-343.54617764280204,2,0.07728056530468166,0.0022141756024211647,0.0750663897022605,0.7639906749129295,0.5632788002490997,1.0652588456869125
275,316,200,1022,291,531,200,428,0.8060263653483992,1.9412915851272015,200.2822702797097,0.10014113513985486,0.7655172413793103,222,68,362.2538038070343,-396.1332055537981,0,-0.13747562074568123,-0.008581576845608651,-0.12889404390007259,0.2618462108075619,0.5090798020362854,1.1323009550571441
276,317,200,888,228,502,158,473,0.9422310756972112,1.9853603603603605,184.25878898786817,0.09212939449393409,0.6923076923076923,198,88,354.12932098082086,-340.7878564465377,2,0.11079555694013835,-0.0063703544437885284,0.11716591138392687,0.6994030505418778,0.6219463497400284,0.9055008739233017
277,318,200,1021,261,608,152,562,0.9243421052631579,1.9245837414299707,210.5489332430174,0.10527446662150869,0.7228070175438597,206,79,366.8253692987677,-402.42716402847725,0,-0.3336876989807933,-0.0009642645251005888,-0.33272343445569275,0.4439664512872696,0.4863726943731308,0.9679076820611954
278,319,200,949,313,445,191,445,1.0,1.8314014752370917,165.99617143422907,0.08299808571711453,0.602112676056338,171,113,323.00172623397526,-310.00228556343643,2,0.2578200943535194,-0.002231158269569278,0.26005125262308865,0.8498252540826797,0.6291570246219635,1.1256153404712677
279,320,200,893,257,489,147,452,0.9243353783231084,1.9608062709966405,182.78624099060357,0.09139312049530178,0.6156583629893239,173,108,348.99846946002907,-330.49636662143655,2,0.09788717133924364,-0.0006288743577897548,0.0985160456970334,0.8506331235170365,0.479705248773098,1.157701200246811
280,321,200,999,250,608,141,603,0.9917763157894737,1.7557557557557557,162.2707588577273,0.08113537942886365,0.7632508833922261,216,67,311.4355002661672,-292.3176309999229,2,0.36082503327634186,-0.0005505347857251763,0.36137556806206705,0.7859365075826645,0.48068490624427795,1.1650579690933227
281,322,200,942,316,382,244,353,0.9240837696335078,1.9267515923566878,176.82076808069735,0.08841038404034868,0.7695035460992907,217,65,352.2159631092328,-333.1776071260271,2,0.10662277429364621,-0.008002173295244575,0.11462494758889079,1.0505620896816255,0.5550906360149384,1.0588835924863815
282,323,200,833,288,340,205,340,1.0,1.9123649459783914,149.30121591065944,0.07465060795532971,0.5827338129496403,162,116,331.00042514685686,-262.9383419175713,4,0.11738757961429656,0.005284049734473229,0.11210352987982333,1.2406972467899322,0.617685467004776,1.1727440178394317
283,324,200,1025,278,553,194,511,0.9240506329113924,1.9258536585365853,205.88294849851158,0.10294147424925579,0.6808510638297872,192,90,362.6268712749494,-401.69146960550916,0,-0.29974497275515677,0.08454562593251466,-0.38429059868767146,0.6499290496110917,0.5657086062431336,1.000607050600506
284,325,200,974,543,226,205,226,1.0,1.555441478439425,83.59853102070078,0.04179926551035039,0.4355400696864111,125,162,261.89025969932044,-153.0692686567648,6,0.16091207246063277,0.0006142920698039234,0.16029778039082884,1.3719071388244628,0.5628072500228882,1.233880066871643
285,326,200,957,321,471,165,465,0.9872611464968153,1.968652037617555,197.82571564905956,0.09891285782452978,0.6607773851590106,187,96,367.51855706183727,-367.4886110696467,1,-0.10183639288879931,-0.004712308687157929,-0.09712408420164138,0.8812263548374176,0.49118918031454084,1.0218594312667846
286,327,200,929,239,566,124,555,0.980565371024735,2.0010764262648006,199.0391117796857,0.09951955588984285,0.7785977859778598,211,60,358.9659858675239,-369.99770651507674,1,-0.1422922015248332,0.0005194801778998226,-0.14281168170273303,0.6430467426776886,0.5444206178188324,1.03975248336792
287,328,200,848,285,440,123,355,0.8068181818181818,2.1898584905660377,229.67715689067185,0.11483857844533593,0.740072202166065,205,72,416.3897783261009,-423.90812284106386,1,-0.28686104640364646,-0.002013906091451645,-0.2848471403121948,1.4739537715911866,0.37395037710666656,1.006525006890297
288,329,200,944,246,582,116,568,0.9759450171821306,2.094279661016949,224.0491027524671,0.11202455137623354,0.7490909090909091,206,69,389.5374611321978,-419.6115302677801,0,-0.2051540997228585,-0.006002906744834035,-0.19915119297802447,0.37200765311717987,0.4723875641822815,0.8769180566072464
289,330,200,990,203,729,58,729,1.0,1.8707070707070708,191.29209913072944,0.09564604956536472,0.6771929824561403,193,92,341.199432398015,-349.74832770635476,1,0.6824179430492223,-0.00350235803052783,0.6859203010797501,0.5010207615792751,0.4147939071059227,1.0783359587192536
290,331,200,1006,405,459,142,451,0.9825708061002179,1.746520874751491,147.30364708257977,0.07365182354128988,0.6823104693140795,189,88,311.8095732654208,-276.4181327207723,2,0.1923962098080665,-0.0015306269284337758,0.19392683673650027,0.5685301005840302,0.41848756819963456,1.082166576385498
291,332,200,831,305,470,56,468,0.9957446808510638,1.9037304452466908,155.05961429910053,0.07752980714955027,0.6357142857142857,178,102,329.47246861262016,-264.215466861579,4,0.015521842753514647,0.0008934615179896355,0.014628381235525012,1.1921697050333022,0.36343897730112074,1.2286661863327026
292,333,200,1037,284,637,116,612,0.9607535321821036,1.81099324975892,183.20424024231295,0.09160212012115647,0.6642599277978339,184,93,343.3129702592305,-339.51265535416735,1,0.06280379846692086,-0.02228890374302864,0.0850927022099495,0.5730696308612824,0.3965530705451965,1.031095585823059
293,334,200,1091,265,747,79,707,0.9464524765729585,1.8175985334555453,191.33793163316497,0.09566896581658249,0.7435897435897436,203,70,333.96645550012175,-370.2386252269545,0,-0.44716648349538446,0.0020447893999516963,-0.44921127289533613,0.3354348558187485,0.4544691514968872,1.010826165676117
294,335,200,1041,264,699,78,522,0.7467811158798283,1.904899135446686,197.0332044785912,0.09851660223929559,0.7142857142857143,200,80,358.3614614435009,-394.10344957582566,0,-0.32151945361867545,-0.032802238706499336,-0.2887172149121761,0.3210798633098602,0.4567722678184509,0.9719223356246949
295,336,200,937,323,487,127,487,1.0,1.6382070437566703,122.74613971426396,0.06137306985713198,0.6099290780141844,172,110,279.8455015946521,-208.40585078355792,4,0.4482454693410546,-0.003719345619902015,0.4519648149609566,1.6641379237174987,0.47889423221349714,1.1596014738082885
296,337,200,1014,167,725,122,683,0.9420689655172414,1.9408284023668638,212.45837735913815,0.10622918867956908,0.6888111888111889,197,89,366.2609448240197,-399.0780262354908,0,-0.19409623996471057,-0.0020675382576882837,-0.19202870170702227,0.4597973763942719,0.48116965144872664,0.850526088476181
297,338,200,1021,342,525,154,438,0.8342857142857143,1.9520078354554358,204.507123239765,0.1022535616198825,0.6785714285714286,190,90,366.60018215404705,-404.38572803222104,0,0.054799712053500114,-0.0003196142613887787,0.055119326314888896,0.4059667080640793,0.4565806806087494,0.9330346792936325
298,339,200,1061,129,844,88,804,0.95260663507109,1.885014137606032,206.42535213155165,0.10321267606577582,0.7922535211267606,225,59,351.3502680286554,-378.61443614865834,0,-0.5470331557095051,-0.021043193340301514,-0.5259899623692036,0.4234277153015137,0.401744065284729,0.7531359235942364
299,340,200,1080,255,705,120,549,0.7787234042553192,1.8518518518518519,186.1781767718254,0.0930890883859127,0.6501766784452296,184,99,339.68827088960995,-374.33787656494434,0,-0.11336627480806784,0.0018407798372209073,-0.11520705464528874,0.31282263696193696,0.4796286714076996,1.036699297428131
300,341,200,1017,206,722,89,718,0.9944598337950139,1.8525073746312684,193.27069229201572,0.09663534614600786,0.656140350877193,187,98,344.2699455426067,-350.6469191807646,1,0.03829411746119149,-0.0029987430665642024,0.041292860527755694,0.5042204156517982,0.4765457347035408,0.9642555505037308
