step,FCS_1,FCS_2,FCS_3,FCS_4,FCS_5
0,2,1,2,3,0
1,2,1,2,2,0
2,2,1,1,1,0
3,2,1,1,1,0
4,2,1,1,1,0
5,2,1,1,1,0
6,2,1,1,0,0
7,2,0,0,0,0
8,1,0,0,0,0
9,1,0,0,0,0
10,0,0,0,0,0
11,0,0,0,0,0
12,0,0,0,0,0
13,1,0,0,0,0
14,1,0,0,0,0
15,1,0,0,0,0
16,1,0,0,0,0
17,1,0,0,1,0
18,1,0,0,1,0
19,0,0,0,1,0
20,0,1,0,1,0
21,0,0,0,1,0
22,0,1,0,1,0
23,0,1,0,1,0
24,0,1,0,2,0
25,0,1,0,2,0
26,0,1,0,2,0
27,0,1,0,2,0
28,0,1,0,2,0
29,0,1,0,2,0
30,0,0,0,2,0
31,0,1,1,1,0
32,0,1,0,1,0
33,0,2,1,0,0
34,0,2,1,0,0
35,0,2,1,0,0
36,1,2,1,0,0
37,1,1,0,0,0
38,1,1,0,0,0
39,1,0,0,0,0
40,1,2,0,0,0
41,1,2,2,0,0
42,1,3,3,0,0
43,1,2,2,0,0
44,1,2,2,0,0
45,2,2,2,0,0
46,2,1,1,0,0
47,2,3,2,1,0
48,2,2,2,1,0
49,2,4,1,1,0
50,2,3,2,1,0
51,1,4,2,1,0
52,2,5,2,1,0
53,2,5,3,1,0
54,2,5,3,1,0
55,2,5,3,1,0
56,2,5,3,1,0
57,2,5,3,1,0
58,2,5,3,1,0
59,2,6,4,1,0
60,2,6,4,1,0
61,2,6,4,1,0
62,2,6,4,1,0
63,2,4,3,1,0
64,2,4,2,1,0
65,2,3,2,1,0
66,1,3,2,1,0
67,1,3,2,1,0
68,1,3,2,1,0
69,1,3,2,1,0
70,1,3,1,0,0
71,1,3,1,0,0
72,1,3,2,0,0
73,1,2,2,0,0
74,1,2,2,0,0
75,0,3,2,0,0
76,1,2,2,0,0
77,0,2,2,0,0
78,0,2,2,0,0
79,0,2,2,0,0
80,0,3,2,0,0
81,0,3,1,0,0
82,0,4,1,0,0
83,0,3,2,0,0
84,0,2,1,0,0
85,0,2,1,0,0
86,0,3,2,0,0
87,0,3,2,0,0
88,0,3,2,0,0
89,1,3,2,0,0
90,1,3,2,0,0
91,1,3,2,0,1
92,0,2,2,0,1
93,0,2,1,0,1
94,0,2,1,0,1
95,0,2,1,0,1
96,0,2,2,0,1
97,1,3,3,0,1
98,1,3,3,0,1
99,1,3,3,0,1
100,2,3,3,0,1
101,2,3,2,0,1
102,2,3,2,0,1
103,2,3,2,0,1
104,2,5,3,0,1
105,2,5,4,0,0
106,2,5,4,0,0
107,2,5,4,0,0
108,1,4,3,0,0
109,1,2,3,0,0
110,1,2,2,0,0
111,1,2,2,0,0
112,1,2,2,0,0
113,2,2,2,0,0
114,3,2,2,0,0
115,3,2,3,0,0
116,1,2,3,0,0
117,1,3,2,0,0
118,0,1,1,0,0
119,1,1,2,0,0
120,1,3,2,0,0
121,1,3,2,0,0
122,1,3,2,0,0
123,0,3,2,0,0
124,0,3,2,0,1
125,1,3,2,0,1
126,0,2,2,0,1
127,0,2,2,1,1
128,0,2,2,0,1
129,0,2,2,0,1
130,0,2,2,0,1
131,0,2,2,0,1
132,0,3,2,0,1
133,0,3,2,0,1
134,1,2,3,0,0
135,1,2,3,0,0
136,1,1,2,0,1
137,1,1,1,0,1
138,1,1,1,0,1
139,1,1,0,0,1
140,1,1,0,0,1
141,2,1,0,0,1
142,2,0,0,0,1
143,2,0,0,0,1
144,1,0,0,0,1
145,1,0,0,0,1
146,1,0,0,0,1
147,1,0,0,0,1
148,1,0,0,0,1
149,1,0,0,0,1
150,1,1,0,0,1
151,0,1,0,0,1
152,0,0,0,0,1
153,0,0,0,0,1
154,0,0,0,0,1
155,3,0,0,0,1
156,3,0,0,0,1
157,3,0,0,0,0
158,1,2,0,0,0
159,1,2,0,0,0
160,1,2,0,0,0
161,1,0,0,0,0
162,1,0,0,0,1
163,0,0,0,0,1
164,0,0,0,0,1
165,0,0,0,0,1
166,0,0,0,0,1
167,0,0,0,0,1
168,0,0,0,0,1
169,0,2,2,0,1
170,0,2,2,0,1
171,0,2,1,0,1
172,0,8,2,0,1
173,0,8,4,0,1
174,0,3,3,0,1
175,0,3,3,0,1
176,0,3,3,0,1
177,0,3,3,0,1
178,0,3,3,0,1
179,0,3,3,0,1
180,0,3,3,0,1
181,0,3,3,0,1
182,0,3,3,0,1
183,0,3,3,0,1
184,0,3,3,0,1
185,0,3,3,0,1
186,0,3,3,0,1
187,0,3,3,0,1
188,0,3,3,0,1
189,0,3,3,0,1
190,0,3,3,0,1
191,0,3,3,0,1
192,0,3,3,0,1
193,0,3,3,0,1
194,0,3,3,0,1
195,0,3,3,0,1
196,0,3,3,0,1
197,0,3,3,0,1
198,0,3,3,0,1
199,0,3,3,0,1
200,0,3,3,0,1
