scenario_seed,step,FCS_1,FCS_2,FCS_3,FCS_4,FCS_5
1001,0,1,0,1,1,1
1001,1,0,0,3,1,1
1001,2,1,0,3,1,1
1001,3,1,0,3,0,1
1001,4,1,0,3,0,1
1001,5,1,0,3,0,2
1001,6,1,0,3,0,1
1001,7,1,0,3,0,1
1001,8,1,0,3,0,1
1001,9,0,0,4,0,1
1001,10,0,0,4,0,1
1001,11,0,0,4,1,1
1001,12,0,0,4,1,1
1001,13,0,0,4,1,1
1001,14,0,0,4,1,1
1001,15,0,0,4,1,1
1001,16,0,0,4,1,1
1001,17,0,0,4,1,1
1001,18,0,0,4,1,1
1001,19,0,0,4,1,2
1001,20,0,0,4,1,2
1001,21,0,0,4,1,2
1001,22,0,0,4,1,2
1001,23,0,0,4,1,1
1001,24,0,0,3,2,0
1001,25,0,0,3,2,0
1001,26,0,0,3,2,0
1001,27,0,0,3,1,0
1001,28,0,0,3,1,0
1001,29,0,0,3,1,0
1001,30,0,0,3,1,0
1001,31,0,0,3,1,0
1001,32,0,0,4,1,2
1001,33,0,0,4,2,1
1001,34,0,0,4,2,1
1001,35,0,0,3,2,1
1001,36,0,0,3,2,1
1001,37,0,0,3,2,2
1001,38,0,0,3,2,2
1001,39,0,0,3,2,2
1001,40,0,0,3,2,2
1001,41,0,0,3,2,2
1001,42,0,0,3,2,2
1001,43,0,0,3,2,2
1001,44,0,0,2,2,2
1001,45,0,0,2,2,2
1001,46,0,0,2,2,2
1001,47,0,0,2,2,2
1001,48,0,0,2,2,2
1001,49,0,0,2,2,2
1001,50,0,0,2,2,2
1001,51,0,0,2,2,2
1001,52,0,0,2,2,2
1001,53,0,0,2,2,2
1001,54,0,0,3,2,2
1001,55,0,0,3,1,2
1001,56,0,0,3,1,2
1001,57,0,0,3,1,2
1001,58,0,0,3,1,2
1001,59,0,0,2,1,2
1001,60,0,0,2,1,2
1001,61,0,0,2,1,2
1001,62,0,0,2,2,2
1001,63,0,0,2,3,2
1001,64,0,0,2,3,2
1001,65,0,0,2,3,2
1001,66,0,0,2,3,2
1001,67,0,0,2,3,2
1001,68,0,0,2,3,2
1001,69,0,0,2,3,2
1001,70,0,0,2,3,2
1001,71,0,0,2,3,2
1001,72,0,0,2,3,2
1001,73,0,0,3,3,2
1001,74,0,0,3,3,2
1001,75,0,0,3,4,2
1001,76,0,0,3,4,3
1001,77,0,0,3,4,3
1001,78,0,0,3,4,3
1001,79,0,0,3,4,2
1001,80,0,0,3,4,2
1001,81,0,0,3,4,1
1001,82,0,0,3,4,1
1001,83,0,0,3,4,1
1001,84,0,0,3,4,1
1001,85,0,0,3,4,1
1001,86,0,0,3,4,1
1001,87,0,0,3,4,1
1001,88,0,0,3,4,1
1001,89,0,0,3,4,1
1001,90,0,0,3,4,1
1001,91,0,0,3,4,1
1001,92,0,0,3,4,1
1001,93,0,0,3,4,1
1001,94,0,0,3,4,1
1001,95,0,0,3,4,1
1001,96,0,0,3,4,1
1001,97,0,0,3,3,1
1001,98,0,0,3,3,1
1001,99,0,0,3,3,1
1001,100,0,0,4,3,1
1001,101,0,0,4,4,1
1001,102,0,0,4,4,1
1001,103,0,0,4,4,1
1001,104,0,0,4,4,1
1001,105,0,0,4,4,0
1001,106,0,0,4,4,1
1001,107,0,0,4,4,1
1001,108,0,0,4,4,1
1001,109,0,0,4,4,1
1001,110,0,0,4,4,0
1001,111,0,0,3,4,0
1001,112,0,0,3,4,0
1001,113,0,0,3,4,0
1001,114,0,0,3,3,0
1001,115,0,0,3,3,0
1001,116,0,0,3,3,0
1001,117,0,0,2,3,0
1001,118,0,0,2,3,0
1001,119,0,0,2,3,0
1001,120,0,0,2,3,0
1001,121,0,0,2,3,0
1001,122,0,0,2,3,0
1001,123,0,0,2,5,0
1001,124,0,0,2,5,0
1001,125,0,0,2,4,0
1001,126,0,0,0,4,0
1001,127,0,0,0,4,0
1001,128,0,0,0,4,0
1001,129,0,0,0,4,0
1001,130,0,0,0,4,0
1001,131,0,0,0,4,0
1001,132,0,0,0,4,0
1001,133,0,0,1,4,0
1001,134,0,0,1,4,0
1001,135,0,0,1,4,0
1001,136,0,0,1,5,0
1001,137,0,0,1,5,0
1001,138,0,0,1,5,0
1001,139,0,0,1,6,0
1001,140,0,0,1,5,0
1001,141,0,0,0,5,0
1001,142,0,0,0,5,0
1001,143,0,0,0,5,0
1001,144,0,0,0,5,0
1001,145,0,0,0,6,0
1001,146,0,0,0,6,0
1001,147,0,0,0,6,0
1001,148,0,0,0,4,0
1001,149,0,0,0,4,0
1001,150,0,0,0,4,0
1001,151,0,0,0,4,0
1001,152,0,0,0,4,0
1001,153,0,0,0,4,0
1001,154,0,0,0,5,0
1001,155,0,2,0,5,0
1001,156,0,2,0,5,0
1001,157,0,2,1,5,0
1001,158,0,2,1,5,0
1001,159,0,2,0,5,0
1001,160,0,2,1,4,0
1001,161,0,2,1,4,0
1001,162,0,2,0,2,0
1001,163,0,2,1,5,0
1001,164,0,2,0,3,0
1001,165,0,2,0,3,0
1001,166,0,2,0,1,0
1001,167,0,2,0,3,0
1001,168,0,2,0,1,0
1001,169,0,2,0,3,0
1001,170,0,2,0,1,0
1001,171,0,2,0,4,0
1001,172,0,2,0,4,0
1001,173,0,2,0,4,0
1001,174,0,2,0,4,0
1001,175,0,2,0,4,0
1001,176,0,2,0,1,0
1001,177,0,2,0,1,0
1001,178,0,2,0,1,0
1001,179,0,2,0,1,0
1001,180,0,2,0,1,0
1001,181,0,2,0,1,0
1001,182,0,2,0,1,0
1001,183,0,2,0,1,0
1001,184,0,2,0,1,0
1001,185,0,2,0,1,0
1001,186,0,2,0,1,0
1001,187,0,2,0,1,0
1001,188,0,2,0,1,0
1001,189,0,2,0,1,0
1001,190,0,2,0,1,0
1001,191,0,2,0,1,0
1001,192,0,2,0,1,0
1001,193,0,2,0,1,0
1001,194,0,2,0,1,0
1001,195,0,2,0,1,0
1001,196,0,2,0,1,0
1001,197,0,2,0,1,0
1001,198,0,2,0,1,0
1001,199,0,2,0,1,0
1001,200,0,2,0,1,0
1002,0,2,1,2,3,0
1002,1,2,2,2,2,0
1002,2,2,2,2,1,0
1002,3,2,2,3,1,0
1002,4,2,2,2,1,0
1002,5,2,2,2,1,0
1002,6,2,1,2,1,0
1002,7,2,1,3,1,0
1002,8,2,2,3,0,0
1002,9,2,2,2,0,0
1002,10,2,2,2,1,0
1002,11,2,2,2,1,0
1002,12,2,2,2,0,0
1002,13,2,2,2,0,0
1002,14,2,2,2,0,0
1002,15,2,2,2,0,0
1002,16,2,3,2,1,0
1002,17,2,3,2,1,0
1002,18,2,4,2,1,0
1002,19,2,4,3,1,0
1002,20,2,4,3,1,0
1002,21,2,4,3,1,0
1002,22,2,4,3,1,0
1002,23,2,4,3,1,0
1002,24,2,4,3,1,0
1002,25,2,4,4,1,0
1002,26,2,4,3,1,0
1002,27,2,4,3,1,0
1002,28,2,4,3,1,0
1002,29,2,4,3,1,0
1002,30,2,4,3,1,0
1002,31,2,4,3,1,0
1002,32,2,4,3,1,0
1002,33,2,4,3,1,0
1002,34,2,4,3,1,0
1002,35,2,4,3,1,0
1002,36,2,4,3,1,0
1002,37,2,4,4,1,0
1002,38,2,5,5,1,0
1002,39,2,5,5,1,0
1002,40,2,5,5,1,0
1002,41,2,5,5,1,0
1002,42,2,5,5,1,0
1002,43,2,5,5,1,0
1002,44,1,5,5,1,0
1002,45,1,5,5,1,0
1002,46,1,5,6,1,0
1002,47,1,5,5,1,0
1002,48,1,5,5,1,0
1002,49,1,7,5,0,0
1002,50,1,6,6,0,0
1002,51,1,6,6,0,0
1002,52,1,6,6,0,0
1002,53,1,6,6,0,0
1002,54,1,6,6,0,0
1002,55,1,7,6,0,0
1002,56,1,7,7,0,0
1002,57,1,7,7,0,0
1002,58,1,8,7,0,0
1002,59,1,7,7,0,0
1002,60,1,7,7,0,0
1002,61,1,7,7,0,0
1002,62,1,7,7,0,0
1002,63,1,7,7,1,0
1002,64,1,7,7,1,0
1002,65,1,7,7,1,0
1002,66,1,7,7,1,0
1002,67,1,7,7,1,0
1002,68,1,7,7,1,0
1002,69,1,8,6,0,0
1002,70,1,8,8,0,0
1002,71,1,8,8,0,0
1002,72,1,8,7,0,0
1002,73,1,8,7,0,0
1002,74,1,8,7,0,0
1002,75,0,8,7,0,0
1002,76,0,8,7,0,0
1002,77,0,7,7,0,0
1002,78,0,7,7,0,0
1002,79,0,7,7,0,0
1002,80,0,7,7,0,0
1002,81,0,7,7,0,0
1002,82,0,7,6,0,0
1002,83,0,8,6,0,0
1002,84,0,7,6,0,0
1002,85,0,7,6,0,0
1002,86,0,7,6,0,0
1002,87,0,7,7,0,0
1002,88,0,8,7,0,0
1002,89,1,8,7,0,0
1002,90,1,8,7,0,0
1002,91,1,8,7,0,0
1002,92,1,8,7,0,0
1002,93,1,8,7,0,0
1002,94,1,8,7,0,0
1002,95,1,8,7,0,0
1002,96,1,9,8,0,0
1002,97,1,9,8,0,0
1002,98,1,9,8,0,0
1002,99,1,9,9,0,0
1002,100,1,9,9,0,0
1002,101,1,9,8,0,0
1002,102,1,9,8,0,0
1002,103,1,9,7,0,0
1002,104,1,7,7,0,0
1002,105,1,8,7,0,0
1002,106,1,7,6,0,0
1002,107,1,6,6,0,0
1002,108,1,6,5,0,0
1002,109,1,6,5,0,0
1002,110,1,6,5,0,0
1002,111,1,6,5,0,0
1002,112,1,7,5,0,0
1002,113,1,7,6,0,0
1002,114,2,7,7,0,0
1002,115,2,7,7,0,0
1002,116,2,7,7,0,0
1002,117,2,7,7,0,0
1002,118,1,6,6,0,0
1002,119,1,6,6,0,0
1002,120,1,6,4,0,0
1002,121,1,6,5,0,0
1002,122,1,5,4,0,0
1002,123,1,5,4,0,0
1002,124,1,6,5,0,0
1002,125,1,6,5,0,0
1002,126,1,5,5,0,0
1002,127,3,4,4,1,0
1002,128,1,4,4,0,0
1002,129,1,6,4,0,0
1002,130,1,4,4,0,0
1002,131,1,4,4,0,0
1002,132,1,5,4,0,0
1002,133,1,5,4,0,0
1002,134,1,5,5,0,0
1002,135,1,5,5,0,0
1002,136,1,3,3,0,0
1002,137,0,3,2,0,0
1002,138,0,4,2,0,0
1002,139,0,2,2,0,0
1002,140,0,3,2,0,0
1002,141,0,5,2,0,0
1002,142,0,2,2,0,0
1002,143,0,5,2,0,0
1002,144,0,2,2,0,0
1002,145,0,2,2,0,0
1002,146,0,2,2,0,0
1002,147,2,2,1,0,0
1002,148,2,1,1,0,0
1002,149,2,2,1,0,0
1002,150,2,2,1,0,0
1002,151,2,2,1,0,0
1002,152,2,3,3,0,0
1002,153,2,3,3,0,0
1002,154,1,3,2,0,0
1002,155,1,2,2,0,0
1002,156,2,3,3,0,0
1002,157,2,3,3,0,0
1002,158,1,4,3,0,0
1002,159,1,3,3,0,0
1002,160,1,3,3,0,0
1002,161,1,2,3,0,0
1002,162,0,4,3,0,0
1002,163,0,2,2,0,0
1002,164,0,2,2,0,0
1002,165,0,2,2,0,0
1002,166,0,1,2,0,0
1002,167,0,2,2,0,0
1002,168,0,2,2,0,0
1002,169,0,6,6,0,0
1002,170,0,4,4,0,0
1002,171,0,4,0,0,0
1002,172,4,4,0,0,0
1002,173,4,4,0,0,0
1002,174,4,0,0,0,0
1002,175,4,0,0,0,0
1002,176,4,0,0,0,0
1002,177,4,0,0,0,0
1002,178,4,0,0,0,0
1002,179,4,0,0,0,0
1002,180,1,0,0,0,0
1002,181,1,0,0,0,0
1002,182,4,0,0,0,0
1002,183,1,0,0,0,0
1002,184,1,0,0,0,0
1002,185,1,0,0,0,0
1002,186,1,0,0,0,0
1002,187,1,0,0,0,0
1002,188,1,0,0,0,0
1002,189,1,0,0,0,0
1002,190,1,0,0,0,0
1002,191,1,0,0,0,0
1002,192,1,0,0,0,0
1002,193,1,0,0,0,0
1002,194,1,0,0,0,0
1002,195,1,0,0,0,0
1002,196,1,0,0,0,0
1002,197,1,0,0,0,0
1002,198,1,0,0,0,0
1002,199,1,0,0,0,0
1002,200,1,0,0,0,0
1003,0,2,2,0,1,0
1003,1,3,2,0,2,0
1003,2,2,3,0,2,0
1003,3,2,2,0,2,0
1003,4,2,3,0,2,0
1003,5,2,3,0,2,0
1003,6,2,3,0,2,0
1003,7,2,3,0,2,0
1003,8,2,3,0,2,0
1003,9,1,2,0,1,0
1003,10,1,2,1,1,0
1003,11,1,2,0,1,0
1003,12,1,1,0,1,0
1003,13,2,2,1,1,0
1003,14,2,2,2,1,0
1003,15,2,2,2,1,0
1003,16,2,2,2,1,0
1003,17,2,2,2,1,0
1003,18,1,2,2,1,0
1003,19,1,2,2,2,0
1003,20,1,2,2,2,0
1003,21,2,2,2,2,0
1003,22,2,2,2,2,0
1003,23,2,2,2,2,0
1003,24,1,2,2,2,0
1003,25,1,2,2,2,0
1003,26,1,2,2,2,0
1003,27,1,2,2,2,0
1003,28,1,3,2,3,0
1003,29,1,3,2,3,0
1003,30,1,3,2,3,0
1003,31,1,3,2,3,0
1003,32,1,3,2,3,0
1003,33,2,3,2,3,0
1003,34,2,2,2,3,0
1003,35,2,2,2,3,0
1003,36,2,3,2,3,0
1003,37,2,4,2,3,0
1003,38,2,4,2,3,0
1003,39,2,4,2,3,0
1003,40,1,4,2,3,0
1003,41,1,4,2,3,0
1003,42,1,4,2,3,0
1003,43,1,4,2,3,0
1003,44,1,4,2,3,0
1003,45,1,5,2,3,0
1003,46,1,5,2,3,0
1003,47,1,5,2,3,0
1003,48,1,5,2,3,0
1003,49,1,5,2,3,0
1003,50,1,5,2,3,0
1003,51,1,5,2,3,0
1003,52,1,4,2,3,0
1003,53,1,4,2,3,0
1003,54,1,4,2,3,0
1003,55,1,4,2,3,0
1003,56,1,4,2,3,0
1003,57,1,3,2,3,0
1003,58,2,4,2,3,0
1003,59,2,4,1,3,0
1003,60,2,5,1,3,0
1003,61,2,5,1,3,0
1003,62,2,5,1,3,0
1003,63,2,5,1,3,0
1003,64,1,5,1,3,0
1003,65,1,5,1,3,0
1003,66,1,5,1,3,0
1003,67,1,4,1,3,0
1003,68,1,4,1,3,0
1003,69,2,4,1,3,0
1003,70,2,4,1,3,0
1003,71,2,4,1,3,0
1003,72,1,4,2,3,0
1003,73,1,4,2,3,0
1003,74,1,4,1,3,0
1003,75,2,4,1,3,0
1003,76,2,4,1,3,0
1003,77,2,4,1,3,0
1003,78,3,4,1,3,0
1003,79,3,4,1,3,0
1003,80,2,4,1,3,0
1003,81,2,4,2,3,0
1003,82,2,4,2,3,0
1003,83,1,4,2,3,0
1003,84,1,4,2,3,0
1003,85,1,4,1,3,0
1003,86,1,4,1,3,0
1003,87,1,4,1,3,0
1003,88,1,4,1,3,0
1003,89,3,4,1,3,0
1003,90,2,4,1,3,0
1003,91,2,4,1,3,0
1003,92,2,4,1,3,0
1003,93,2,4,1,3,0
1003,94,2,4,1,3,0
1003,95,2,4,1,3,0
1003,96,2,4,1,3,0
1003,97,2,4,1,3,0
1003,98,2,4,1,3,0
1003,99,2,4,1,3,0
1003,100,2,4,1,3,0
1003,101,3,4,1,3,0
1003,102,3,4,1,2,0
1003,103,4,4,1,2,0
1003,104,3,5,2,2,0
1003,105,3,5,1,2,0
1003,106,3,5,1,2,0
1003,107,3,5,1,1,0
1003,108,4,5,1,1,0
1003,109,4,5,1,1,0
1003,110,4,5,1,1,0
1003,111,4,5,1,1,0
1003,112,5,5,1,1,0
1003,113,4,5,1,1,0
1003,114,4,4,2,0,0
1003,115,4,4,2,1,0
1003,116,4,5,2,0,0
1003,117,4,4,2,0,0
1003,118,2,4,2,1,0
1003,119,3,4,2,1,0
1003,120,2,4,2,1,0
1003,121,5,3,3,3,0
1003,122,5,1,3,3,0
1003,123,6,3,4,0,0
1003,124,5,1,4,2,0
1003,125,2,1,3,1,0
1003,126,2,1,3,3,0
1003,127,1,1,2,3,0
1003,128,1,2,3,3,0
1003,129,2,2,3,3,0
1003,130,3,2,3,3,0
1003,131,3,3,3,3,0
1003,132,3,3,2,3,0
1003,133,2,3,1,3,0
1003,134,2,4,1,2,0
1003,135,3,4,1,2,0
1003,136,1,1,1,2,0
1003,137,2,1,1,2,0
1003,138,4,1,4,1,0
1003,139,2,1,2,1,0
1003,140,2,2,2,2,0
1003,141,1,2,2,1,0
1003,142,1,2,2,1,0
1003,143,1,3,3,1,0
1003,144,2,2,3,1,0
1003,145,2,2,3,1,0
1003,146,1,3,3,2,0
1003,147,1,3,3,3,0
1003,148,2,4,3,3,0
1003,149,2,4,3,2,0
1003,150,2,3,4,1,0
1003,151,1,1,2,1,0
1003,152,3,4,2,1,0
1003,153,4,3,5,1,0
1003,154,3,3,2,1,0
1003,155,4,0,5,0,0
1003,156,4,2,2,0,0
1003,157,1,3,3,2,0
1003,158,0,2,3,0,0
1003,159,1,2,1,0,0
1003,160,1,0,1,0,0
1003,161,1,0,1,0,0
1003,162,1,0,2,0,0
1003,163,1,0,2,0,0
1003,164,1,1,1,0,0
1003,165,0,1,1,0,0
1003,166,0,1,0,0,1
1003,167,0,0,2,1,0
1003,168,0,0,2,0,0
1003,169,0,0,2,0,0
1003,170,0,0,6,0,0
1003,171,0,0,6,0,0
1003,172,0,1,1,0,0
1003,173,0,1,1,0,0
1003,174,0,1,1,0,0
1003,175,0,1,1,0,0
1003,176,0,1,1,0,0
1003,177,0,1,1,0,0
1003,178,0,0,1,0,0
1003,179,0,0,1,0,0
1003,180,0,0,1,0,0
1003,181,0,0,1,0,0
1003,182,0,0,1,0,0
1003,183,0,0,1,0,0
1003,184,0,0,1,0,0
1003,185,0,0,1,0,0
1003,186,0,0,1,0,0
1003,187,0,0,1,0,0
1003,188,0,0,1,0,0
1003,189,0,0,1,0,0
1003,190,0,0,1,0,0
1003,191,0,0,1,0,0
1003,192,0,0,1,0,0
1003,193,0,0,1,0,0
1003,194,0,0,1,0,0
1003,195,0,0,1,0,0
1003,196,0,0,1,0,0
1003,197,0,0,1,0,0
1003,198,0,0,1,0,0
1003,199,0,0,1,0,0
1003,200,0,0,1,0,0
