step,ev_id,state,is_agent,longitude,latitude,remain_kwh,remain_change_kwh,energy_used_kwh,moved_distance_km,action_target_longitude,action_target_latitude,reward,total_reward,need_power_kwh,need_charge,is_normal,is_quasi,is_iev,is_charged,fail_charge,arrived,track_index,wait_time_steps,total_wait_time_min,total_extra_dist_km,expense,charge_provider_type,charge_provider_id,charge_power_kwh,charge_time_remain_min,near_quasi_count,near_iev_count,near_idle_mcs_count,near_task_mcs_count,near_available_fcs_count,near_busy_fcs_count,obs_self,obs_tgt,obs_mask
0,419,quasi,False,104.090839,30.676951,31.141611114445087,0.0,0.0,0.0,,,0.0,0.0,49.688071813043635,False,False,True,False,False,False,False,0,0,0.0,0.0,0.0,,-1,0.0,0.0,60,1,1,0,0,0,[],[],[]
1,419,quasi,False,104.046978,30.702598,29.62007894002888,-1.5215321744162082,1.5215321744162082,5.07177391472069,,,0.0,0.0,49.688071813043635,False,False,True,False,False,False,False,1,0,0.0,0.0,0.0,,-1,0.0,0.0,49,2,3,0,0,0,[],[],[]
2,419,quasi,False,104.047255,30.702748,29.610689483601544,-0.009389456427335574,0.009389456427335574,0.031298188091114044,,,0.0,0.0,49.688071813043635,False,False,True,False,False,False,False,2,0,0.0,0.0,0.0,,-1,0.0,0.0,54,0,1,1,0,0,[],[],[]
3,419,quasi,False,104.047143,30.702776,29.607344005033514,-0.0033454785680291366,0.0033454785680291366,0.011151595226769423,,,0.0,0.0,49.688071813043635,False,False,True,False,False,False,False,3,0,0.0,0.0,0.0,,-1,0.0,0.0,53,0,2,1,0,0,[],[],[]
4,419,quasi,False,104.047043,30.702443,29.59587130427401,-0.011472700759505017,0.011472700759505017,0.038242335865020155,,,0.0,0.0,49.688071813043635,False,False,True,False,False,False,False,4,0,0.0,0.0,0.0,,-1,0.0,0.0,48,0,4,1,0,0,[],[],[]
5,419,quasi,False,104.046937,30.702646,29.5884483231061,-0.007422981167909626,0.007422981167909626,0.024743270559700575,,,0.0,0.0,49.688071813043635,False,False,True,False,False,False,False,5,0,0.0,0.0,0.0,,-1,0.0,0.0,49,0,2,1,0,0,[],[],[]
6,419,quasi,False,104.046652,30.702358,29.575833954194174,-0.012614368911926022,0.012614368911926022,0.0420478963730822,,,0.0,0.0,49.688071813043635,False,False,True,False,False,False,False,6,0,0.0,0.0,0.0,,-1,0.0,0.0,52,0,4,1,0,0,[],[],[]
7,419,quasi,False,104.04706,30.702257,29.563656072081404,-0.012177882112769822,0.012177882112769822,0.04059294037589563,,,0.0,0.0,49.688071813043635,False,False,True,False,False,False,False,7,0,0.0,0.0,0.0,,-1,0.0,0.0,55,0,3,1,0,0,[],[],[]
8,419,quasi,False,104.046882,30.702471,29.554879540290116,-0.008776531791287567,0.008776531791287567,0.029255105970953352,,,0.0,0.0,49.688071813043635,False,False,True,False,False,False,False,8,0,0.0,0.0,0.0,,-1,0.0,0.0,55,0,3,1,0,0,[],[],[]
9,419,quasi,False,104.046882,30.702471,29.554879540290116,0.0,0.0,0.0,,,0.0,0.0,49.688071813043635,False,False,True,False,False,False,False,9,0,0.0,0.0,0.0,,-1,0.0,0.0,51,0,1,1,0,0,[],[],[]
10,419,quasi,False,104.046882,30.702471,29.554879540290116,0.0,0.0,0.0,,,0.0,0.0,49.688071813043635,False,False,True,False,False,False,False,10,0,0.0,0.0,0.0,,-1,0.0,0.0,54,0,2,1,0,0,[],[],[]
11,419,quasi,False,104.046925,30.702047,29.54068187317268,-0.014197667117436197,0.014197667117436197,0.04732555705811553,,,0.0,0.0,49.688071813043635,False,False,True,False,False,False,False,11,0,0.0,0.0,0.0,,-1,0.0,0.0,52,0,5,0,0,0,[],[],[]
12,419,quasi,False,104.046757,30.702449,29.52643228369242,-0.014249589480261449,0.014249589480261449,0.04749863160086937,,,0.0,0.0,49.688071813043635,False,False,True,False,False,False,False,12,0,0.0,0.0,0.0,,-1,0.0,0.0,55,0,4,1,0,0,[],[],[]
13,419,quasi,False,104.0455415,30.703617,29.474148844347233,-0.0522834393451852,0.0522834393451852,0.17427813115061677,,,0.0,0.0,49.688071813043635,False,False,True,False,False,False,False,13,0,0.0,0.0,0.0,,-1,0.0,0.0,55,0,3,0,0,0,[],[],[]
14,419,quasi,False,104.044482,30.705809,29.394963880175172,-0.079184964172061,0.079184964172061,0.26394988057353724,,,0.0,0.0,49.688071813043635,False,False,True,False,False,False,False,14,0,0.0,0.0,0.0,,-1,0.0,0.0,49,0,4,0,0,0,[],[],[]
15,419,quasi,False,104.046495,30.715194,29.076615747728447,-0.3183481324467259,0.3183481324467259,1.061160441489089,,,0.0,0.0,49.688071813043635,False,False,True,False,False,False,False,15,0,0.0,0.0,0.0,,-1,0.0,0.0,30,0,3,0,0,0,[],[],[]
16,419,quasi,False,104.046068,30.702158,28.6415822151664,-0.4350335325620449,0.4350335325620449,1.4501117752068124,,,0.0,0.0,49.688071813043635,False,False,True,False,False,False,False,16,0,0.0,0.0,0.0,,-1,0.0,0.0,55,0,3,0,0,0,[],[],[]
17,419,quasi,False,104.043909,30.69373,28.353697139268,-0.2878850758984015,0.2878850758984015,0.9596169196613352,,,0.0,0.0,49.688071813043635,False,False,True,False,False,False,False,17,0,0.0,0.0,0.0,,-1,0.0,0.0,60,0,3,1,0,0,[],[],[]
18,419,quasi,False,104.055787,30.673635,27.601719566660677,-0.7519775726073235,0.7519775726073235,2.506591908691077,,,0.0,0.0,49.688071813043635,False,False,True,False,False,False,False,18,0,0.0,0.0,0.0,,-1,0.0,0.0,64,0,2,2,0,0,[],[],[]
19,419,quasi,False,104.071202,30.658834,26.93883571486212,-0.6628838517985578,0.6628838517985578,2.2096128393285226,,,0.0,0.0,49.688071813043635,False,False,True,False,False,False,False,19,0,0.0,0.0,0.0,,-1,0.0,0.0,62,0,3,1,1,0,[],[],[]
20,419,quasi,False,104.08607,30.654499,26.48833955487545,-0.45049615998667036,0.45049615998667036,1.5016538666222357,,,0.0,0.0,49.688071813043635,False,False,True,False,False,False,False,20,0,0.0,0.0,0.0,,-1,0.0,0.0,77,0,5,1,1,0,[],[],[]
21,419,quasi,False,104.094543,30.645895,26.112168167845063,-0.3761713870303858,0.3761713870303858,1.253904623434622,,,0.0,0.0,49.688071813043635,False,False,True,False,False,False,False,21,0,0.0,0.0,0.0,,-1,0.0,0.0,71,0,4,1,1,0,[],[],[]
22,419,quasi,False,104.085447,30.626259,25.407028872540423,-0.7051392953046403,0.7051392953046403,2.3504643176821336,,,0.0,0.0,49.688071813043635,False,False,True,False,False,False,False,22,0,0.0,0.0,0.0,,-1,0.0,0.0,60,0,7,0,1,0,[],[],[]
23,419,quasi,False,104.0726665,30.6206285,24.994866488608285,-0.412162383932138,0.412162383932138,1.3738746131071258,,,0.0,0.0,49.688071813043635,False,False,True,False,False,False,False,23,0,0.0,0.0,0.0,,-1,0.0,0.0,59,0,6,0,1,0,[],[],[]
24,419,quasi,False,104.067137,30.622674,24.822088484610088,-0.17277800399819654,0.17277800399819654,0.5759266799939924,,,0.0,0.0,49.688071813043635,False,False,True,False,False,False,False,24,0,0.0,0.0,0.0,,-1,0.0,0.0,70,0,1,1,1,0,[],[],[]
25,419,quasi,False,104.07642,30.634027,24.359020877379713,-0.463067607230375,0.463067607230375,1.5435586907679222,,,0.0,0.0,49.688071813043635,False,False,True,False,False,False,False,25,0,0.0,0.0,0.0,,-1,0.0,0.0,93,0,5,3,1,0,[],[],[]
26,419,quasi,False,104.076122,30.633845,24.348531732725505,-0.01048914465420836,0.01048914465420836,0.034963815514030855,,,0.0,0.0,49.688071813043635,False,False,True,False,False,False,False,26,0,0.0,0.0,0.0,,-1,0.0,0.0,85,0,5,3,1,0,[],[],[]
27,419,quasi,False,104.048167,30.63653,23.541166668997633,-0.8073650637278718,0.8073650637278718,2.691216879092904,,,0.0,0.0,49.688071813043635,False,False,True,False,False,False,False,27,0,0.0,0.0,0.0,,-1,0.0,0.0,74,0,3,1,2,0,[],[],[]
28,419,quasi,False,104.052404,30.645554,23.21650512321126,-0.3246615457863733,0.3246615457863733,1.0822051526212484,,,0.0,0.0,49.688071813043635,False,False,True,False,False,False,False,28,0,0.0,0.0,0.0,,-1,0.0,0.0,83,0,2,1,1,0,[],[],[]
29,419,quasi,False,104.06032,30.669641,22.381507073782352,-0.8349980494289078,0.8349980494289078,2.783326831429692,,,0.0,0.0,49.688071813043635,False,False,True,False,False,False,False,29,0,0.0,0.0,0.0,,-1,0.0,0.0,96,0,3,2,0,0,[],[],[]
30,419,quasi,False,104.04288,30.684403,21.679472821507957,-0.7020342522743945,0.7020342522743945,2.340114174247982,,,0.0,0.0,49.688071813043635,False,False,True,False,False,False,False,30,0,0.0,0.0,0.0,,-1,0.0,0.0,67,0,0,4,0,0,[],[],[]
31,419,quasi,False,104.028357,30.69894,21.0401618775563,-0.6393109439516564,0.6393109439516564,2.1310364798388535,,,0.0,0.0,49.688071813043635,False,False,True,False,False,False,False,31,0,0.0,0.0,0.0,,-1,0.0,0.0,43,2,1,2,1,0,[],[],[]
32,419,quasi,False,104.014785,30.70474,20.6054486567488,-0.4347132208075024,0.4347132208075024,1.4490440693583397,,,0.0,0.0,49.688071813043635,False,False,True,False,False,False,False,32,0,0.0,0.0,0.0,,-1,0.0,0.0,34,0,1,2,1,0,[],[],[]
33,419,quasi,False,104.006315,30.715219,20.179765445210197,-0.4256832115386011,0.4256832115386011,1.4189440384620078,,,0.0,0.0,49.688071813043635,False,False,True,False,False,False,False,33,0,0.0,0.0,0.0,,-1,0.0,0.0,21,0,0,1,0,0,[],[],[]
34,419,quasi,False,103.98981,30.714853,19.70626288903705,-0.4735025561731483,0.4735025561731483,1.5783418539104896,,,0.0,0.0,49.688071813043635,False,False,True,False,False,False,False,34,0,0.0,0.0,0.0,,-1,0.0,0.0,17,0,0,0,0,0,[],[],[]
35,419,quasi,False,103.980679,30.720589,19.38194343971191,-0.324319449325138,0.324319449325138,1.0810648310837991,,,0.0,0.0,49.688071813043635,False,False,True,False,False,False,False,35,0,0.0,0.0,0.0,,-1,0.0,0.0,8,0,0,0,0,0,[],[],[]
36,419,quasi,False,103.969439,30.713962,18.99107819602679,-0.3908652436851199,0.3908652436851199,1.3028841456170652,,,0.0,0.0,49.688071813043635,False,False,True,False,False,False,False,36,0,0.0,0.0,0.0,,-1,0.0,0.0,6,0,0,0,0,0,[],[],[]
37,419,quasi,False,103.98094933773915,30.688872970254877,18.09138148956576,-0.8996967064610324,0.8996967064610324,2.9989890215367803,,,0.0,0.0,49.688071813043635,False,False,True,False,False,False,False,37,0,0.0,0.0,0.0,,-1,0.0,0.0,23,0,0,0,1,1,[],[],[]
38,419,quasi,False,103.983357,30.683625,17.903184435152195,-0.18819705441356405,0.18819705441356405,0.6273235147118811,,,0.0,0.0,49.688071813043635,False,False,True,False,False,False,False,38,0,0.0,0.0,0.0,,-1,0.0,0.0,25,0,0,0,2,0,[],[],[]
39,419,quasi,False,104.0117009271928,30.67208520725641,17.003485950014174,-0.8996984851380212,0.8996984851380212,2.9989949504600713,,,0.0,0.0,49.688071813043635,False,False,True,False,False,False,False,39,0,0.0,0.0,0.0,,-1,0.0,0.0,40,0,0,1,2,0,[],[],[]
40,419,quasi,False,104.012679,30.671687,16.972438204021167,-0.03104774599300697,0.03104774599300697,0.10349248664335216,,,0.0,0.0,49.688071813043635,False,False,True,False,False,False,False,40,0,0.0,0.0,0.0,,-1,0.0,0.0,46,0,0,1,2,0,[],[],[]
41,419,quasi,False,104.04286144188453,30.664376958905724,16.07274080444533,-0.8996973995758353,0.8996973995758353,2.998991331919454,,,0.0,0.0,49.688071813043635,False,False,True,False,False,False,False,41,0,0.0,0.0,0.0,,-1,0.0,0.0,77,0,1,3,0,0,[],[],[]
42,419,quasi,False,104.045351,30.663774,15.998527659020317,-0.07421314542501456,0.07421314542501456,0.24737715141671443,,,0.0,0.0,49.688071813043635,False,False,True,False,False,False,False,42,0,0.0,0.0,0.0,,-1,0.0,0.0,70,0,2,4,0,0,[],[],[]
43,419,quasi,False,104.056042,30.668498,15.653657063035737,-0.34487059598457925,0.34487059598457925,1.1495686532819296,,,0.0,0.0,49.688071813043635,False,False,True,False,False,False,False,43,0,0.0,0.0,0.0,,-1,0.0,0.0,81,0,1,4,0,0,[],[],[]
44,419,quasi,False,104.057421,30.672852,15.50312144385225,-0.15053561918348812,0.15053561918348812,0.5017853972782941,,,0.0,0.0,49.688071813043635,False,False,True,False,False,False,False,44,0,0.0,0.0,0.0,,-1,0.0,0.0,84,0,0,7,0,0,[],[],[]
45,419,quasi,False,104.066382,30.670449,15.233807959543137,-0.2693134843091123,0.2693134843091123,0.8977116143637094,,,0.0,0.0,49.688071813043635,False,False,True,False,False,False,False,45,0,0.0,0.0,0.0,,-1,0.0,0.0,98,0,4,3,0,0,[],[],[]
46,419,quasi,False,104.068528,30.67297,15.129580151370392,-0.10422780817274457,0.10422780817274457,0.3474260272424808,,,0.0,0.0,49.688071813043635,False,False,True,False,False,False,False,46,0,0.0,0.0,0.0,,-1,0.0,0.0,92,0,2,5,0,0,[],[],[]
47,419,quasi,False,104.060657,30.671389,14.897671786604299,-0.23190836476609356,0.23190836476609356,0.7730278825536469,,,0.0,0.0,49.688071813043635,False,False,True,False,False,False,False,47,0,0.0,0.0,0.0,,-1,0.0,0.0,89,0,5,3,0,0,[],[],[]
48,419,quasi,False,104.060519,30.653873,14.31335126836631,-0.5843205182379894,0.5843205182379894,1.9477350607932986,,,0.0,0.0,49.688071813043635,False,False,True,False,False,False,False,48,0,0.0,0.0,0.0,,-1,0.0,0.0,88,0,5,2,1,0,[],[],[]
49,419,quasi,False,104.066237,30.658158,14.09573595111045,-0.21761531725585925,0.21761531725585925,0.7253843908528621,,,0.0,0.0,49.688071813043635,False,False,True,False,False,False,False,49,0,0.0,0.0,0.0,,-1,0.0,0.0,87,0,3,1,1,0,[],[],[]
50,419,quasi,False,104.08653,30.654262,13.499074078366156,-0.5966618727442938,0.5966618727442938,1.988872909147647,,,0.0,0.0,49.688071813043635,False,False,True,False,False,False,False,50,0,0.0,0.0,0.0,,-1,0.0,0.0,77,0,2,4,1,0,[],[],[]
51,419,quasi,False,104.088603,30.647583,13.268467125120639,-0.23060695324551794,0.23060695324551794,0.7686898441517269,,,0.0,0.0,49.688071813043635,False,False,True,False,False,False,False,51,0,0.0,0.0,0.0,,-1,0.0,0.0,64,0,2,2,0,1,[],[],[]
52,419,quasi,False,104.074542,30.646345,12.862821173954895,-0.4056459511657433,0.4056459511657433,1.3521531705524767,,,0.0,0.0,49.688071813043635,False,False,True,False,False,False,False,52,0,0.0,0.0,0.0,,-1,0.0,0.0,71,0,4,1,0,1,[],[],[]
53,419,quasi,False,104.066094,30.656157,12.455499550694999,-0.4073216232598966,0.4073216232598966,1.3577387441996567,,,0.0,0.0,49.688071813043635,False,False,True,False,False,False,False,53,0,0.0,0.0,0.0,,-1,0.0,0.0,75,0,4,0,0,1,[],[],[]
54,419,quasi,False,104.065539,30.668649,12.038481244741703,-0.41701830595329525,0.41701830595329525,1.3900610198443155,,,0.0,0.0,49.688071813043635,False,False,True,False,False,False,False,54,0,0.0,0.0,0.0,,-1,0.0,0.0,70,0,2,2,0,0,[],[],[]
55,419,quasi,False,104.06793,30.672632,11.88894886537643,-0.14953237936527408,0.14953237936527408,0.4984412645509118,,,0.0,0.0,49.688071813043635,False,False,True,False,False,False,False,55,0,0.0,0.0,0.0,,-1,0.0,0.0,66,0,3,1,0,0,[],[],[]
56,419,quasi,False,104.078552,30.676768,11.554417506459105,-0.33453135891732444,0.33453135891732444,1.1151045297244169,,,0.0,0.0,49.688071813043635,False,False,True,False,False,False,False,56,0,0.0,0.0,0.0,,-1,0.0,0.0,56,0,2,1,0,0,[],[],[]
57,419,quasi,False,104.09475,30.676506,11.089609765453787,-0.46480774100531796,0.46480774100531796,1.5493591366843942,,,0.0,0.0,49.688071813043635,False,False,True,False,False,False,False,57,0,0.0,0.0,0.0,,-1,0.0,0.0,44,1,1,1,0,0,[],[],[]
58,419,quasi,False,104.115923,30.677579,10.48109884984504,-0.6085109156087469,0.6085109156087469,2.0283697186958207,,,0.0,0.0,49.688071813043635,False,False,True,False,False,False,False,58,0,0.0,0.0,0.0,,-1,0.0,0.0,27,0,1,0,0,0,[],[],[]
59,419,quasi,False,104.121188,30.669732,10.178875030219661,-0.3022238196253788,0.3022238196253788,1.0074127320845985,,,0.0,0.0,49.688071813043635,False,False,True,False,False,False,False,59,0,0.0,0.0,0.0,,-1,0.0,0.0,26,0,2,1,1,0,[],[],[]
60,419,iev,True,104.11081,30.661474,9.7732148110089,-0.4056602192107608,0.4056602192107608,1.3522007307025345,,,0.0,0.0,49.688071813043635,True,False,False,True,False,False,False,60,0,0.0,0.0,0.0,,-1,0.0,0.0,45,0,2,1,0,0,"[9.7732148110089, 0.0]","[[21.63070963603125, 1.3807734998957781, 30.208001801209708, 20.870558167427017]]","[false, true, true, true, true]"
61,419,charging,False,104.098593,30.654346,9.349607120183073,-0.4236076908258273,0.4236076908258273,1.4120256360860883,104.098593,30.654346,0.5039188287161136,0.5039188287161136,49.688071813043635,True,False,False,False,True,False,False,61,1,31.58634214521536,1.725174592696204,79.65122640004267,MCS,12,49.78201650002667,24.891008250013336,0,0,0,0,0,0,[],[],[]
62,419,charging,False,104.090496,30.652348500000002,16.666148752512193,7.31654163232912,0.0,0.8057560313956578,,,0.0,0.5039188287161136,49.688071813043635,True,False,False,False,True,False,False,61,1,31.58634214521536,1.725174592696204,79.65122640004267,MCS,12,42.22374805827886,21.11187402913943,0,0,0,0,0,0,[],[],[]
63,419,charging,False,104.090496,30.652348500000002,26.666148752512193,10.0,0.0,0.0,,,0.0,0.5039188287161136,49.688071813043635,True,False,False,False,True,False,False,61,1,31.58634214521536,1.725174592696204,79.65122640004267,MCS,12,32.22374805827886,16.11187402913943,0,0,0,0,0,0,[],[],[]
64,419,charging,False,104.090496,30.652348500000002,36.66614875251219,10.0,0.0,0.0,,,0.0,0.5039188287161136,49.688071813043635,True,False,False,False,True,False,False,61,1,31.58634214521536,1.725174592696204,79.65122640004267,MCS,12,22.223748058278858,11.111874029139429,0,0,0,0,0,0,[],[],[]
65,419,charging,False,104.090496,30.652348500000002,46.66614875251219,10.0,0.0,0.0,,,0.0,0.5039188287161136,49.688071813043635,True,False,False,False,True,False,False,61,1,31.58634214521536,1.725174592696204,79.65122640004267,MCS,12,12.223748058278858,6.111874029139429,0,0,0,0,0,0,[],[],[]
66,419,charging,False,104.090496,30.652348500000002,56.66614875251219,10.0,0.0,0.0,,,0.0,0.5039188287161136,49.688071813043635,True,False,False,False,True,False,False,61,1,31.58634214521536,1.725174592696204,79.65122640004267,MCS,12,2.223748058278858,1.111874029139429,0,0,0,0,0,0,[],[],[]
67,419,success,False,104.090496,30.652348500000002,58.88989681079105,2.223748058278858,0.0,0.0,,,0.0,0.5039188287161136,49.688071813043635,True,False,False,False,True,False,False,61,1,31.58634214521536,1.725174592696204,79.65122640004267,,-1,0.0,0.0,0,0,0,0,0,0,[],[],[]
68,419,success,False,104.090496,30.652348500000002,58.88989681079105,0.0,0.0,0.0,,,0.0,0.5039188287161136,49.688071813043635,True,False,False,False,True,False,False,61,1,31.58634214521536,1.725174592696204,79.65122640004267,,-1,0.0,0.0,0,0,0,0,0,0,[],[],[]
69,419,success,False,104.090496,30.652348500000002,58.88989681079105,0.0,0.0,0.0,,,0.0,0.5039188287161136,49.688071813043635,True,False,False,False,True,False,False,61,1,31.58634214521536,1.725174592696204,79.65122640004267,,-1,0.0,0.0,0,0,0,0,0,0,[],[],[]
70,419,success,False,104.090496,30.652348500000002,58.88989681079105,0.0,0.0,0.0,,,0.0,0.5039188287161136,49.688071813043635,True,False,False,False,True,False,False,61,1,31.58634214521536,1.725174592696204,79.65122640004267,,-1,0.0,0.0,0,0,0,0,0,0,[],[],[]
71,419,success,False,104.090496,30.652348500000002,58.88989681079105,0.0,0.0,0.0,,,0.0,0.5039188287161136,49.688071813043635,True,False,False,False,True,False,False,61,1,31.58634214521536,1.725174592696204,79.65122640004267,,-1,0.0,0.0,0,0,0,0,0,0,[],[],[]
72,419,success,False,104.090496,30.652348500000002,58.88989681079105,0.0,0.0,0.0,,,0.0,0.5039188287161136,49.688071813043635,True,False,False,False,True,False,False,61,1,31.58634214521536,1.725174592696204,79.65122640004267,,-1,0.0,0.0,0,0,0,0,0,0,[],[],[]
73,419,success,False,104.090496,30.652348500000002,58.88989681079105,0.0,0.0,0.0,,,0.0,0.5039188287161136,49.688071813043635,True,False,False,False,True,False,False,61,1,31.58634214521536,1.725174592696204,79.65122640004267,,-1,0.0,0.0,0,0,0,0,0,0,[],[],[]
74,419,success,False,104.090496,30.652348500000002,58.88989681079105,0.0,0.0,0.0,,,0.0,0.5039188287161136,49.688071813043635,True,False,False,False,True,False,False,61,1,31.58634214521536,1.725174592696204,79.65122640004267,,-1,0.0,0.0,0,0,0,0,0,0,[],[],[]
75,419,success,False,104.090496,30.652348500000002,58.88989681079105,0.0,0.0,0.0,,,0.0,0.5039188287161136,49.688071813043635,True,False,False,False,True,False,False,61,1,31.58634214521536,1.725174592696204,79.65122640004267,,-1,0.0,0.0,0,0,0,0,0,0,[],[],[]
76,419,success,False,104.090496,30.652348500000002,58.88989681079105,0.0,0.0,0.0,,,0.0,0.5039188287161136,49.688071813043635,True,False,False,False,True,False,False,61,1,31.58634214521536,1.725174592696204,79.65122640004267,,-1,0.0,0.0,0,0,0,0,0,0,[],[],[]
77,419,success,False,104.090496,30.652348500000002,58.88989681079105,0.0,0.0,0.0,,,0.0,0.5039188287161136,49.688071813043635,True,False,False,False,True,False,False,61,1,31.58634214521536,1.725174592696204,79.65122640004267,,-1,0.0,0.0,0,0,0,0,0,0,[],[],[]
78,419,success,False,104.090496,30.652348500000002,58.88989681079105,0.0,0.0,0.0,,,0.0,0.5039188287161136,49.688071813043635,True,False,False,False,True,False,False,61,1,31.58634214521536,1.725174592696204,79.65122640004267,,-1,0.0,0.0,0,0,0,0,0,0,[],[],[]
79,419,success,False,104.090496,30.652348500000002,58.88989681079105,0.0,0.0,0.0,,,0.0,0.5039188287161136,49.688071813043635,True,False,False,False,True,False,False,61,1,31.58634214521536,1.725174592696204,79.65122640004267,,-1,0.0,0.0,0,0,0,0,0,0,[],[],[]
80,419,success,False,104.090496,30.652348500000002,58.88989681079105,0.0,0.0,0.0,,,0.0,0.5039188287161136,49.688071813043635,True,False,False,False,True,False,False,61,1,31.58634214521536,1.725174592696204,79.65122640004267,,-1,0.0,0.0,0,0,0,0,0,0,[],[],[]
81,419,success,False,104.090496,30.652348500000002,58.88989681079105,0.0,0.0,0.0,,,0.0,0.5039188287161136,49.688071813043635,True,False,False,False,True,False,False,61,1,31.58634214521536,1.725174592696204,79.65122640004267,,-1,0.0,0.0,0,0,0,0,0,0,[],[],[]
82,419,success,False,104.090496,30.652348500000002,58.88989681079105,0.0,0.0,0.0,,,0.0,0.5039188287161136,49.688071813043635,True,False,False,False,True,False,False,61,1,31.58634214521536,1.725174592696204,79.65122640004267,,-1,0.0,0.0,0,0,0,0,0,0,[],[],[]
83,419,success,False,104.090496,30.652348500000002,58.88989681079105,0.0,0.0,0.0,,,0.0,0.5039188287161136,49.688071813043635,True,False,False,False,True,False,False,61,1,31.58634214521536,1.725174592696204,79.65122640004267,,-1,0.0,0.0,0,0,0,0,0,0,[],[],[]
84,419,success,False,104.090496,30.652348500000002,58.88989681079105,0.0,0.0,0.0,,,0.0,0.5039188287161136,49.688071813043635,True,False,False,False,True,False,False,61,1,31.58634214521536,1.725174592696204,79.65122640004267,,-1,0.0,0.0,0,0,0,0,0,0,[],[],[]
85,419,success,False,104.090496,30.652348500000002,58.88989681079105,0.0,0.0,0.0,,,0.0,0.5039188287161136,49.688071813043635,True,False,False,False,True,False,False,61,1,31.58634214521536,1.725174592696204,79.65122640004267,,-1,0.0,0.0,0,0,0,0,0,0,[],[],[]
86,419,success,False,104.090496,30.652348500000002,58.88989681079105,0.0,0.0,0.0,,,0.0,0.5039188287161136,49.688071813043635,True,False,False,False,True,False,False,61,1,31.58634214521536,1.725174592696204,79.65122640004267,,-1,0.0,0.0,0,0,0,0,0,0,[],[],[]
87,419,success,False,104.090496,30.652348500000002,58.88989681079105,0.0,0.0,0.0,,,0.0,0.5039188287161136,49.688071813043635,True,False,False,False,True,False,False,61,1,31.58634214521536,1.725174592696204,79.65122640004267,,-1,0.0,0.0,0,0,0,0,0,0,[],[],[]
88,419,success,False,104.090496,30.652348500000002,58.88989681079105,0.0,0.0,0.0,,,0.0,0.5039188287161136,49.688071813043635,True,False,False,False,True,False,False,61,1,31.58634214521536,1.725174592696204,79.65122640004267,,-1,0.0,0.0,0,0,0,0,0,0,[],[],[]
89,419,success,False,104.090496,30.652348500000002,58.88989681079105,0.0,0.0,0.0,,,0.0,0.5039188287161136,49.688071813043635,True,False,False,False,True,False,False,61,1,31.58634214521536,1.725174592696204,79.65122640004267,,-1,0.0,0.0,0,0,0,0,0,0,[],[],[]
90,419,success,False,104.090496,30.652348500000002,58.88989681079105,0.0,0.0,0.0,,,0.0,0.5039188287161136,49.688071813043635,True,False,False,False,True,False,False,61,1,31.58634214521536,1.725174592696204,79.65122640004267,,-1,0.0,0.0,0,0,0,0,0,0,[],[],[]
91,419,success,False,104.090496,30.652348500000002,58.88989681079105,0.0,0.0,0.0,,,0.0,0.5039188287161136,49.688071813043635,True,False,False,False,True,False,False,61,1,31.58634214521536,1.725174592696204,79.65122640004267,,-1,0.0,0.0,0,0,0,0,0,0,[],[],[]
92,419,success,False,104.090496,30.652348500000002,58.88989681079105,0.0,0.0,0.0,,,0.0,0.5039188287161136,49.688071813043635,True,False,False,False,True,False,False,61,1,31.58634214521536,1.725174592696204,79.65122640004267,,-1,0.0,0.0,0,0,0,0,0,0,[],[],[]
93,419,success,False,104.090496,30.652348500000002,58.88989681079105,0.0,0.0,0.0,,,0.0,0.5039188287161136,49.688071813043635,True,False,False,False,True,False,False,61,1,31.58634214521536,1.725174592696204,79.65122640004267,,-1,0.0,0.0,0,0,0,0,0,0,[],[],[]
94,419,success,False,104.090496,30.652348500000002,58.88989681079105,0.0,0.0,0.0,,,0.0,0.5039188287161136,49.688071813043635,True,False,False,False,True,False,False,61,1,31.58634214521536,1.725174592696204,79.65122640004267,,-1,0.0,0.0,0,0,0,0,0,0,[],[],[]
95,419,success,False,104.090496,30.652348500000002,58.88989681079105,0.0,0.0,0.0,,,0.0,0.5039188287161136,49.688071813043635,True,False,False,False,True,False,False,61,1,31.58634214521536,1.725174592696204,79.65122640004267,,-1,0.0,0.0,0,0,0,0,0,0,[],[],[]
96,419,success,False,104.090496,30.652348500000002,58.88989681079105,0.0,0.0,0.0,,,0.0,0.5039188287161136,49.688071813043635,True,False,False,False,True,False,False,61,1,31.58634214521536,1.725174592696204,79.65122640004267,,-1,0.0,0.0,0,0,0,0,0,0,[],[],[]
97,419,success,False,104.090496,30.652348500000002,58.88989681079105,0.0,0.0,0.0,,,0.0,0.5039188287161136,49.688071813043635,True,False,False,False,True,False,False,61,1,31.58634214521536,1.725174592696204,79.65122640004267,,-1,0.0,0.0,0,0,0,0,0,0,[],[],[]
98,419,success,False,104.090496,30.652348500000002,58.88989681079105,0.0,0.0,0.0,,,0.0,0.5039188287161136,49.688071813043635,True,False,False,False,True,False,False,61,1,31.58634214521536,1.725174592696204,79.65122640004267,,-1,0.0,0.0,0,0,0,0,0,0,[],[],[]
99,419,success,False,104.090496,30.652348500000002,58.88989681079105,0.0,0.0,0.0,,,0.0,0.5039188287161136,49.688071813043635,True,False,False,False,True,False,False,61,1,31.58634214521536,1.725174592696204,79.65122640004267,,-1,0.0,0.0,0,0,0,0,0,0,[],[],[]
100,419,success,False,104.090496,30.652348500000002,58.88989681079105,0.0,0.0,0.0,,,0.0,0.5039188287161136,49.688071813043635,True,False,False,False,True,False,False,61,1,31.58634214521536,1.725174592696204,79.65122640004267,,-1,0.0,0.0,0,0,0,0,0,0,[],[],[]
101,419,success,False,104.090496,30.652348500000002,58.88989681079105,0.0,0.0,0.0,,,0.0,0.5039188287161136,49.688071813043635,True,False,False,False,True,False,False,61,1,31.58634214521536,1.725174592696204,79.65122640004267,,-1,0.0,0.0,0,0,0,0,0,0,[],[],[]
102,419,success,False,104.090496,30.652348500000002,58.88989681079105,0.0,0.0,0.0,,,0.0,0.5039188287161136,49.688071813043635,True,False,False,False,True,False,False,61,1,31.58634214521536,1.725174592696204,79.65122640004267,,-1,0.0,0.0,0,0,0,0,0,0,[],[],[]
103,419,success,False,104.090496,30.652348500000002,58.88989681079105,0.0,0.0,0.0,,,0.0,0.5039188287161136,49.688071813043635,True,False,False,False,True,False,False,61,1,31.58634214521536,1.725174592696204,79.65122640004267,,-1,0.0,0.0,0,0,0,0,0,0,[],[],[]
104,419,success,False,104.090496,30.652348500000002,58.88989681079105,0.0,0.0,0.0,,,0.0,0.5039188287161136,49.688071813043635,True,False,False,False,True,False,False,61,1,31.58634214521536,1.725174592696204,79.65122640004267,,-1,0.0,0.0,0,0,0,0,0,0,[],[],[]
105,419,success,False,104.090496,30.652348500000002,58.88989681079105,0.0,0.0,0.0,,,0.0,0.5039188287161136,49.688071813043635,True,False,False,False,True,False,False,61,1,31.58634214521536,1.725174592696204,79.65122640004267,,-1,0.0,0.0,0,0,0,0,0,0,[],[],[]
106,419,success,False,104.090496,30.652348500000002,58.88989681079105,0.0,0.0,0.0,,,0.0,0.5039188287161136,49.688071813043635,True,False,False,False,True,False,False,61,1,31.58634214521536,1.725174592696204,79.65122640004267,,-1,0.0,0.0,0,0,0,0,0,0,[],[],[]
107,419,success,False,104.090496,30.652348500000002,58.88989681079105,0.0,0.0,0.0,,,0.0,0.5039188287161136,49.688071813043635,True,False,False,False,True,False,False,61,1,31.58634214521536,1.725174592696204,79.65122640004267,,-1,0.0,0.0,0,0,0,0,0,0,[],[],[]
108,419,success,False,104.090496,30.652348500000002,58.88989681079105,0.0,0.0,0.0,,,0.0,0.5039188287161136,49.688071813043635,True,False,False,False,True,False,False,61,1,31.58634214521536,1.725174592696204,79.65122640004267,,-1,0.0,0.0,0,0,0,0,0,0,[],[],[]
109,419,success,False,104.090496,30.652348500000002,58.88989681079105,0.0,0.0,0.0,,,0.0,0.5039188287161136,49.688071813043635,True,False,False,False,True,False,False,61,1,31.58634214521536,1.725174592696204,79.65122640004267,,-1,0.0,0.0,0,0,0,0,0,0,[],[],[]
110,419,success,False,104.090496,30.652348500000002,58.88989681079105,0.0,0.0,0.0,,,0.0,0.5039188287161136,49.688071813043635,True,False,False,False,True,False,False,61,1,31.58634214521536,1.725174592696204,79.65122640004267,,-1,0.0,0.0,0,0,0,0,0,0,[],[],[]
111,419,success,False,104.090496,30.652348500000002,58.88989681079105,0.0,0.0,0.0,,,0.0,0.5039188287161136,49.688071813043635,True,False,False,False,True,False,False,61,1,31.58634214521536,1.725174592696204,79.65122640004267,,-1,0.0,0.0,0,0,0,0,0,0,[],[],[]
112,419,success,False,104.090496,30.652348500000002,58.88989681079105,0.0,0.0,0.0,,,0.0,0.5039188287161136,49.688071813043635,True,False,False,False,True,False,False,61,1,31.58634214521536,1.725174592696204,79.65122640004267,,-1,0.0,0.0,0,0,0,0,0,0,[],[],[]
113,419,success,False,104.090496,30.652348500000002,58.88989681079105,0.0,0.0,0.0,,,0.0,0.5039188287161136,49.688071813043635,True,False,False,False,True,False,False,61,1,31.58634214521536,1.725174592696204,79.65122640004267,,-1,0.0,0.0,0,0,0,0,0,0,[],[],[]
114,419,success,False,104.090496,30.652348500000002,58.88989681079105,0.0,0.0,0.0,,,0.0,0.5039188287161136,49.688071813043635,True,False,False,False,True,False,False,61,1,31.58634214521536,1.725174592696204,79.65122640004267,,-1,0.0,0.0,0,0,0,0,0,0,[],[],[]
115,419,success,False,104.090496,30.652348500000002,58.88989681079105,0.0,0.0,0.0,,,0.0,0.5039188287161136,49.688071813043635,True,False,False,False,True,False,False,61,1,31.58634214521536,1.725174592696204,79.65122640004267,,-1,0.0,0.0,0,0,0,0,0,0,[],[],[]
116,419,success,False,104.090496,30.652348500000002,58.88989681079105,0.0,0.0,0.0,,,0.0,0.5039188287161136,49.688071813043635,True,False,False,False,True,False,False,61,1,31.58634214521536,1.725174592696204,79.65122640004267,,-1,0.0,0.0,0,0,0,0,0,0,[],[],[]
117,419,success,False,104.090496,30.652348500000002,58.88989681079105,0.0,0.0,0.0,,,0.0,0.5039188287161136,49.688071813043635,True,False,False,False,True,False,False,61,1,31.58634214521536,1.725174592696204,79.65122640004267,,-1,0.0,0.0,0,0,0,0,0,0,[],[],[]
118,419,success,False,104.090496,30.652348500000002,58.88989681079105,0.0,0.0,0.0,,,0.0,0.5039188287161136,49.688071813043635,True,False,False,False,True,False,False,61,1,31.58634214521536,1.725174592696204,79.65122640004267,,-1,0.0,0.0,0,0,0,0,0,0,[],[],[]
119,419,success,False,104.090496,30.652348500000002,58.88989681079105,0.0,0.0,0.0,,,0.0,0.5039188287161136,49.688071813043635,True,False,False,False,True,False,False,61,1,31.58634214521536,1.725174592696204,79.65122640004267,,-1,0.0,0.0,0,0,0,0,0,0,[],[],[]
120,419,success,False,104.090496,30.652348500000002,58.88989681079105,0.0,0.0,0.0,,,0.0,0.5039188287161136,49.688071813043635,True,False,False,False,True,False,False,61,1,31.58634214521536,1.725174592696204,79.65122640004267,,-1,0.0,0.0,0,0,0,0,0,0,[],[],[]
121,419,success,False,104.090496,30.652348500000002,58.88989681079105,0.0,0.0,0.0,,,0.0,0.5039188287161136,49.688071813043635,True,False,False,False,True,False,False,61,1,31.58634214521536,1.725174592696204,79.65122640004267,,-1,0.0,0.0,0,0,0,0,0,0,[],[],[]
122,419,success,False,104.090496,30.652348500000002,58.88989681079105,0.0,0.0,0.0,,,0.0,0.5039188287161136,49.688071813043635,True,False,False,False,True,False,False,61,1,31.58634214521536,1.725174592696204,79.65122640004267,,-1,0.0,0.0,0,0,0,0,0,0,[],[],[]
123,419,success,False,104.090496,30.652348500000002,58.88989681079105,0.0,0.0,0.0,,,0.0,0.5039188287161136,49.688071813043635,True,False,False,False,True,False,False,61,1,31.58634214521536,1.725174592696204,79.65122640004267,,-1,0.0,0.0,0,0,0,0,0,0,[],[],[]
124,419,success,False,104.090496,30.652348500000002,58.88989681079105,0.0,0.0,0.0,,,0.0,0.5039188287161136,49.688071813043635,True,False,False,False,True,False,False,61,1,31.58634214521536,1.725174592696204,79.65122640004267,,-1,0.0,0.0,0,0,0,0,0,0,[],[],[]
125,419,success,False,104.090496,30.652348500000002,58.88989681079105,0.0,0.0,0.0,,,0.0,0.5039188287161136,49.688071813043635,True,False,False,False,True,False,False,61,1,31.58634214521536,1.725174592696204,79.65122640004267,,-1,0.0,0.0,0,0,0,0,0,0,[],[],[]
126,419,success,False,104.090496,30.652348500000002,58.88989681079105,0.0,0.0,0.0,,,0.0,0.5039188287161136,49.688071813043635,True,False,False,False,True,False,False,61,1,31.58634214521536,1.725174592696204,79.65122640004267,,-1,0.0,0.0,0,0,0,0,0,0,[],[],[]
127,419,success,False,104.090496,30.652348500000002,58.88989681079105,0.0,0.0,0.0,,,0.0,0.5039188287161136,49.688071813043635,True,False,False,False,True,False,False,61,1,31.58634214521536,1.725174592696204,79.65122640004267,,-1,0.0,0.0,0,0,0,0,0,0,[],[],[]
128,419,success,False,104.090496,30.652348500000002,58.88989681079105,0.0,0.0,0.0,,,0.0,0.5039188287161136,49.688071813043635,True,False,False,False,True,False,False,61,1,31.58634214521536,1.725174592696204,79.65122640004267,,-1,0.0,0.0,0,0,0,0,0,0,[],[],[]
129,419,success,False,104.090496,30.652348500000002,58.88989681079105,0.0,0.0,0.0,,,0.0,0.5039188287161136,49.688071813043635,True,False,False,False,True,False,False,61,1,31.58634214521536,1.725174592696204,79.65122640004267,,-1,0.0,0.0,0,0,0,0,0,0,[],[],[]
130,419,success,False,104.090496,30.652348500000002,58.88989681079105,0.0,0.0,0.0,,,0.0,0.5039188287161136,49.688071813043635,True,False,False,False,True,False,False,61,1,31.58634214521536,1.725174592696204,79.65122640004267,,-1,0.0,0.0,0,0,0,0,0,0,[],[],[]
131,419,success,False,104.090496,30.652348500000002,58.88989681079105,0.0,0.0,0.0,,,0.0,0.5039188287161136,49.688071813043635,True,False,False,False,True,False,False,61,1,31.58634214521536,1.725174592696204,79.65122640004267,,-1,0.0,0.0,0,0,0,0,0,0,[],[],[]
132,419,success,False,104.090496,30.652348500000002,58.88989681079105,0.0,0.0,0.0,,,0.0,0.5039188287161136,49.688071813043635,True,False,False,False,True,False,False,61,1,31.58634214521536,1.725174592696204,79.65122640004267,,-1,0.0,0.0,0,0,0,0,0,0,[],[],[]
133,419,success,False,104.090496,30.652348500000002,58.88989681079105,0.0,0.0,0.0,,,0.0,0.5039188287161136,49.688071813043635,True,False,False,False,True,False,False,61,1,31.58634214521536,1.725174592696204,79.65122640004267,,-1,0.0,0.0,0,0,0,0,0,0,[],[],[]
134,419,success,False,104.090496,30.652348500000002,58.88989681079105,0.0,0.0,0.0,,,0.0,0.5039188287161136,49.688071813043635,True,False,False,False,True,False,False,61,1,31.58634214521536,1.725174592696204,79.65122640004267,,-1,0.0,0.0,0,0,0,0,0,0,[],[],[]
135,419,success,False,104.090496,30.652348500000002,58.88989681079105,0.0,0.0,0.0,,,0.0,0.5039188287161136,49.688071813043635,True,False,False,False,True,False,False,61,1,31.58634214521536,1.725174592696204,79.65122640004267,,-1,0.0,0.0,0,0,0,0,0,0,[],[],[]
136,419,success,False,104.090496,30.652348500000002,58.88989681079105,0.0,0.0,0.0,,,0.0,0.5039188287161136,49.688071813043635,True,False,False,False,True,False,False,61,1,31.58634214521536,1.725174592696204,79.65122640004267,,-1,0.0,0.0,0,0,0,0,0,0,[],[],[]
137,419,success,False,104.090496,30.652348500000002,58.88989681079105,0.0,0.0,0.0,,,0.0,0.5039188287161136,49.688071813043635,True,False,False,False,True,False,False,61,1,31.58634214521536,1.725174592696204,79.65122640004267,,-1,0.0,0.0,0,0,0,0,0,0,[],[],[]
138,419,success,False,104.090496,30.652348500000002,58.88989681079105,0.0,0.0,0.0,,,0.0,0.5039188287161136,49.688071813043635,True,False,False,False,True,False,False,61,1,31.58634214521536,1.725174592696204,79.65122640004267,,-1,0.0,0.0,0,0,0,0,0,0,[],[],[]
139,419,success,False,104.090496,30.652348500000002,58.88989681079105,0.0,0.0,0.0,,,0.0,0.5039188287161136,49.688071813043635,True,False,False,False,True,False,False,61,1,31.58634214521536,1.725174592696204,79.65122640004267,,-1,0.0,0.0,0,0,0,0,0,0,[],[],[]
140,419,success,False,104.090496,30.652348500000002,58.88989681079105,0.0,0.0,0.0,,,0.0,0.5039188287161136,49.688071813043635,True,False,False,False,True,False,False,61,1,31.58634214521536,1.725174592696204,79.65122640004267,,-1,0.0,0.0,0,0,0,0,0,0,[],[],[]
141,419,success,False,104.090496,30.652348500000002,58.88989681079105,0.0,0.0,0.0,,,0.0,0.5039188287161136,49.688071813043635,True,False,False,False,True,False,False,61,1,31.58634214521536,1.725174592696204,79.65122640004267,,-1,0.0,0.0,0,0,0,0,0,0,[],[],[]
142,419,success,False,104.090496,30.652348500000002,58.88989681079105,0.0,0.0,0.0,,,0.0,0.5039188287161136,49.688071813043635,True,False,False,False,True,False,False,61,1,31.58634214521536,1.725174592696204,79.65122640004267,,-1,0.0,0.0,0,0,0,0,0,0,[],[],[]
143,419,success,False,104.090496,30.652348500000002,58.88989681079105,0.0,0.0,0.0,,,0.0,0.5039188287161136,49.688071813043635,True,False,False,False,True,False,False,61,1,31.58634214521536,1.725174592696204,79.65122640004267,,-1,0.0,0.0,0,0,0,0,0,0,[],[],[]
144,419,success,False,104.090496,30.652348500000002,58.88989681079105,0.0,0.0,0.0,,,0.0,0.5039188287161136,49.688071813043635,True,False,False,False,True,False,False,61,1,31.58634214521536,1.725174592696204,79.65122640004267,,-1,0.0,0.0,0,0,0,0,0,0,[],[],[]
145,419,success,False,104.090496,30.652348500000002,58.88989681079105,0.0,0.0,0.0,,,0.0,0.5039188287161136,49.688071813043635,True,False,False,False,True,False,False,61,1,31.58634214521536,1.725174592696204,79.65122640004267,,-1,0.0,0.0,0,0,0,0,0,0,[],[],[]
146,419,success,False,104.090496,30.652348500000002,58.88989681079105,0.0,0.0,0.0,,,0.0,0.5039188287161136,49.688071813043635,True,False,False,False,True,False,False,61,1,31.58634214521536,1.725174592696204,79.65122640004267,,-1,0.0,0.0,0,0,0,0,0,0,[],[],[]
147,419,success,False,104.090496,30.652348500000002,58.88989681079105,0.0,0.0,0.0,,,0.0,0.5039188287161136,49.688071813043635,True,False,False,False,True,False,False,61,1,31.58634214521536,1.725174592696204,79.65122640004267,,-1,0.0,0.0,0,0,0,0,0,0,[],[],[]
148,419,success,False,104.090496,30.652348500000002,58.88989681079105,0.0,0.0,0.0,,,0.0,0.5039188287161136,49.688071813043635,True,False,False,False,True,False,False,61,1,31.58634214521536,1.725174592696204,79.65122640004267,,-1,0.0,0.0,0,0,0,0,0,0,[],[],[]
149,419,success,False,104.090496,30.652348500000002,58.88989681079105,0.0,0.0,0.0,,,0.0,0.5039188287161136,49.688071813043635,True,False,False,False,True,False,False,61,1,31.58634214521536,1.725174592696204,79.65122640004267,,-1,0.0,0.0,0,0,0,0,0,0,[],[],[]
150,419,success,False,104.090496,30.652348500000002,58.88989681079105,0.0,0.0,0.0,,,0.0,0.5039188287161136,49.688071813043635,True,False,False,False,True,False,False,61,1,31.58634214521536,1.725174592696204,79.65122640004267,,-1,0.0,0.0,0,0,0,0,0,0,[],[],[]
151,419,success,False,104.090496,30.652348500000002,58.88989681079105,0.0,0.0,0.0,,,0.0,0.5039188287161136,49.688071813043635,True,False,False,False,True,False,False,61,1,31.58634214521536,1.725174592696204,79.65122640004267,,-1,0.0,0.0,0,0,0,0,0,0,[],[],[]
152,419,success,False,104.090496,30.652348500000002,58.88989681079105,0.0,0.0,0.0,,,0.0,0.5039188287161136,49.688071813043635,True,False,False,False,True,False,False,61,1,31.58634214521536,1.725174592696204,79.65122640004267,,-1,0.0,0.0,0,0,0,0,0,0,[],[],[]
153,419,success,False,104.090496,30.652348500000002,58.88989681079105,0.0,0.0,0.0,,,0.0,0.5039188287161136,49.688071813043635,True,False,False,False,True,False,False,61,1,31.58634214521536,1.725174592696204,79.65122640004267,,-1,0.0,0.0,0,0,0,0,0,0,[],[],[]
154,419,success,False,104.090496,30.652348500000002,58.88989681079105,0.0,0.0,0.0,,,0.0,0.5039188287161136,49.688071813043635,True,False,False,False,True,False,False,61,1,31.58634214521536,1.725174592696204,79.65122640004267,,-1,0.0,0.0,0,0,0,0,0,0,[],[],[]
155,419,success,False,104.090496,30.652348500000002,58.88989681079105,0.0,0.0,0.0,,,0.0,0.5039188287161136,49.688071813043635,True,False,False,False,True,False,False,61,1,31.58634214521536,1.725174592696204,79.65122640004267,,-1,0.0,0.0,0,0,0,0,0,0,[],[],[]
156,419,success,False,104.090496,30.652348500000002,58.88989681079105,0.0,0.0,0.0,,,0.0,0.5039188287161136,49.688071813043635,True,False,False,False,True,False,False,61,1,31.58634214521536,1.725174592696204,79.65122640004267,,-1,0.0,0.0,0,0,0,0,0,0,[],[],[]
157,419,success,False,104.090496,30.652348500000002,58.88989681079105,0.0,0.0,0.0,,,0.0,0.5039188287161136,49.688071813043635,True,False,False,False,True,False,False,61,1,31.58634214521536,1.725174592696204,79.65122640004267,,-1,0.0,0.0,0,0,0,0,0,0,[],[],[]
158,419,success,False,104.090496,30.652348500000002,58.88989681079105,0.0,0.0,0.0,,,0.0,0.5039188287161136,49.688071813043635,True,False,False,False,True,False,False,61,1,31.58634214521536,1.725174592696204,79.65122640004267,,-1,0.0,0.0,0,0,0,0,0,0,[],[],[]
159,419,success,False,104.090496,30.652348500000002,58.88989681079105,0.0,0.0,0.0,,,0.0,0.5039188287161136,49.688071813043635,True,False,False,False,True,False,False,61,1,31.58634214521536,1.725174592696204,79.65122640004267,,-1,0.0,0.0,0,0,0,0,0,0,[],[],[]
160,419,success,False,104.090496,30.652348500000002,58.88989681079105,0.0,0.0,0.0,,,0.0,0.5039188287161136,49.688071813043635,True,False,False,False,True,False,False,61,1,31.58634214521536,1.725174592696204,79.65122640004267,,-1,0.0,0.0,0,0,0,0,0,0,[],[],[]
161,419,success,False,104.090496,30.652348500000002,58.88989681079105,0.0,0.0,0.0,,,0.0,0.5039188287161136,49.688071813043635,True,False,False,False,True,False,False,61,1,31.58634214521536,1.725174592696204,79.65122640004267,,-1,0.0,0.0,0,0,0,0,0,0,[],[],[]
162,419,success,False,104.090496,30.652348500000002,58.88989681079105,0.0,0.0,0.0,,,0.0,0.5039188287161136,49.688071813043635,True,False,False,False,True,False,False,61,1,31.58634214521536,1.725174592696204,79.65122640004267,,-1,0.0,0.0,0,0,0,0,0,0,[],[],[]
163,419,success,False,104.090496,30.652348500000002,58.88989681079105,0.0,0.0,0.0,,,0.0,0.5039188287161136,49.688071813043635,True,False,False,False,True,False,False,61,1,31.58634214521536,1.725174592696204,79.65122640004267,,-1,0.0,0.0,0,0,0,0,0,0,[],[],[]
164,419,success,False,104.090496,30.652348500000002,58.88989681079105,0.0,0.0,0.0,,,0.0,0.5039188287161136,49.688071813043635,True,False,False,False,True,False,False,61,1,31.58634214521536,1.725174592696204,79.65122640004267,,-1,0.0,0.0,0,0,0,0,0,0,[],[],[]
165,419,success,False,104.090496,30.652348500000002,58.88989681079105,0.0,0.0,0.0,,,0.0,0.5039188287161136,49.688071813043635,True,False,False,False,True,False,False,61,1,31.58634214521536,1.725174592696204,79.65122640004267,,-1,0.0,0.0,0,0,0,0,0,0,[],[],[]
166,419,success,False,104.090496,30.652348500000002,58.88989681079105,0.0,0.0,0.0,,,0.0,0.5039188287161136,49.688071813043635,True,False,False,False,True,False,False,61,1,31.58634214521536,1.725174592696204,79.65122640004267,,-1,0.0,0.0,0,0,0,0,0,0,[],[],[]
167,419,success,False,104.090496,30.652348500000002,58.88989681079105,0.0,0.0,0.0,,,0.0,0.5039188287161136,49.688071813043635,True,False,False,False,True,False,False,61,1,31.58634214521536,1.725174592696204,79.65122640004267,,-1,0.0,0.0,0,0,0,0,0,0,[],[],[]
168,419,success,False,104.090496,30.652348500000002,58.88989681079105,0.0,0.0,0.0,,,0.0,0.5039188287161136,49.688071813043635,True,False,False,False,True,False,False,61,1,31.58634214521536,1.725174592696204,79.65122640004267,,-1,0.0,0.0,0,0,0,0,0,0,[],[],[]
169,419,success,False,104.090496,30.652348500000002,58.88989681079105,0.0,0.0,0.0,,,0.0,0.5039188287161136,49.688071813043635,True,False,False,False,True,False,False,61,1,31.58634214521536,1.725174592696204,79.65122640004267,,-1,0.0,0.0,0,0,0,0,0,0,[],[],[]
170,419,success,False,104.090496,30.652348500000002,58.88989681079105,0.0,0.0,0.0,,,0.0,0.5039188287161136,49.688071813043635,True,False,False,False,True,False,False,61,1,31.58634214521536,1.725174592696204,79.65122640004267,,-1,0.0,0.0,0,0,0,0,0,0,[],[],[]
171,419,success,False,104.090496,30.652348500000002,58.88989681079105,0.0,0.0,0.0,,,0.0,0.5039188287161136,49.688071813043635,True,False,False,False,True,False,False,61,1,31.58634214521536,1.725174592696204,79.65122640004267,,-1,0.0,0.0,0,0,0,0,0,0,[],[],[]
172,419,success,False,104.090496,30.652348500000002,58.88989681079105,0.0,0.0,0.0,,,0.0,0.5039188287161136,49.688071813043635,True,False,False,False,True,False,False,61,1,31.58634214521536,1.725174592696204,79.65122640004267,,-1,0.0,0.0,0,0,0,0,0,0,[],[],[]
173,419,success,False,104.090496,30.652348500000002,58.88989681079105,0.0,0.0,0.0,,,0.0,0.5039188287161136,49.688071813043635,True,False,False,False,True,False,False,61,1,31.58634214521536,1.725174592696204,79.65122640004267,,-1,0.0,0.0,0,0,0,0,0,0,[],[],[]
174,419,success,False,104.090496,30.652348500000002,58.88989681079105,0.0,0.0,0.0,,,0.0,0.5039188287161136,49.688071813043635,True,False,False,False,True,False,False,61,1,31.58634214521536,1.725174592696204,79.65122640004267,,-1,0.0,0.0,0,0,0,0,0,0,[],[],[]
175,419,success,False,104.090496,30.652348500000002,58.88989681079105,0.0,0.0,0.0,,,0.0,0.5039188287161136,49.688071813043635,True,False,False,False,True,False,False,61,1,31.58634214521536,1.725174592696204,79.65122640004267,,-1,0.0,0.0,0,0,0,0,0,0,[],[],[]
176,419,success,False,104.090496,30.652348500000002,58.88989681079105,0.0,0.0,0.0,,,0.0,0.5039188287161136,49.688071813043635,True,False,False,False,True,False,False,61,1,31.58634214521536,1.725174592696204,79.65122640004267,,-1,0.0,0.0,0,0,0,0,0,0,[],[],[]
177,419,success,False,104.090496,30.652348500000002,58.88989681079105,0.0,0.0,0.0,,,0.0,0.5039188287161136,49.688071813043635,True,False,False,False,True,False,False,61,1,31.58634214521536,1.725174592696204,79.65122640004267,,-1,0.0,0.0,0,0,0,0,0,0,[],[],[]
178,419,success,False,104.090496,30.652348500000002,58.88989681079105,0.0,0.0,0.0,,,0.0,0.5039188287161136,49.688071813043635,True,False,False,False,True,False,False,61,1,31.58634214521536,1.725174592696204,79.65122640004267,,-1,0.0,0.0,0,0,0,0,0,0,[],[],[]
179,419,success,False,104.090496,30.652348500000002,58.88989681079105,0.0,0.0,0.0,,,0.0,0.5039188287161136,49.688071813043635,True,False,False,False,True,False,False,61,1,31.58634214521536,1.725174592696204,79.65122640004267,,-1,0.0,0.0,0,0,0,0,0,0,[],[],[]
180,419,success,False,104.090496,30.652348500000002,58.88989681079105,0.0,0.0,0.0,,,0.0,0.5039188287161136,49.688071813043635,True,False,False,False,True,False,False,61,1,31.58634214521536,1.725174592696204,79.65122640004267,,-1,0.0,0.0,0,0,0,0,0,0,[],[],[]
181,419,success,False,104.090496,30.652348500000002,58.88989681079105,0.0,0.0,0.0,,,0.0,0.5039188287161136,49.688071813043635,True,False,False,False,True,False,False,61,1,31.58634214521536,1.725174592696204,79.65122640004267,,-1,0.0,0.0,0,0,0,0,0,0,[],[],[]
182,419,success,False,104.090496,30.652348500000002,58.88989681079105,0.0,0.0,0.0,,,0.0,0.5039188287161136,49.688071813043635,True,False,False,False,True,False,False,61,1,31.58634214521536,1.725174592696204,79.65122640004267,,-1,0.0,0.0,0,0,0,0,0,0,[],[],[]
183,419,success,False,104.090496,30.652348500000002,58.88989681079105,0.0,0.0,0.0,,,0.0,0.5039188287161136,49.688071813043635,True,False,False,False,True,False,False,61,1,31.58634214521536,1.725174592696204,79.65122640004267,,-1,0.0,0.0,0,0,0,0,0,0,[],[],[]
184,419,success,False,104.090496,30.652348500000002,58.88989681079105,0.0,0.0,0.0,,,0.0,0.5039188287161136,49.688071813043635,True,False,False,False,True,False,False,61,1,31.58634214521536,1.725174592696204,79.65122640004267,,-1,0.0,0.0,0,0,0,0,0,0,[],[],[]
185,419,success,False,104.090496,30.652348500000002,58.88989681079105,0.0,0.0,0.0,,,0.0,0.5039188287161136,49.688071813043635,True,False,False,False,True,False,False,61,1,31.58634214521536,1.725174592696204,79.65122640004267,,-1,0.0,0.0,0,0,0,0,0,0,[],[],[]
186,419,success,False,104.090496,30.652348500000002,58.88989681079105,0.0,0.0,0.0,,,0.0,0.5039188287161136,49.688071813043635,True,False,False,False,True,False,False,61,1,31.58634214521536,1.725174592696204,79.65122640004267,,-1,0.0,0.0,0,0,0,0,0,0,[],[],[]
187,419,success,False,104.090496,30.652348500000002,58.88989681079105,0.0,0.0,0.0,,,0.0,0.5039188287161136,49.688071813043635,True,False,False,False,True,False,False,61,1,31.58634214521536,1.725174592696204,79.65122640004267,,-1,0.0,0.0,0,0,0,0,0,0,[],[],[]
188,419,success,False,104.090496,30.652348500000002,58.88989681079105,0.0,0.0,0.0,,,0.0,0.5039188287161136,49.688071813043635,True,False,False,False,True,False,False,61,1,31.58634214521536,1.725174592696204,79.65122640004267,,-1,0.0,0.0,0,0,0,0,0,0,[],[],[]
189,419,success,False,104.090496,30.652348500000002,58.88989681079105,0.0,0.0,0.0,,,0.0,0.5039188287161136,49.688071813043635,True,False,False,False,True,False,False,61,1,31.58634214521536,1.725174592696204,79.65122640004267,,-1,0.0,0.0,0,0,0,0,0,0,[],[],[]
190,419,success,False,104.090496,30.652348500000002,58.88989681079105,0.0,0.0,0.0,,,0.0,0.5039188287161136,49.688071813043635,True,False,False,False,True,False,False,61,1,31.58634214521536,1.725174592696204,79.65122640004267,,-1,0.0,0.0,0,0,0,0,0,0,[],[],[]
191,419,success,False,104.090496,30.652348500000002,58.88989681079105,0.0,0.0,0.0,,,0.0,0.5039188287161136,49.688071813043635,True,False,False,False,True,False,False,61,1,31.58634214521536,1.725174592696204,79.65122640004267,,-1,0.0,0.0,0,0,0,0,0,0,[],[],[]
192,419,success,False,104.090496,30.652348500000002,58.88989681079105,0.0,0.0,0.0,,,0.0,0.5039188287161136,49.688071813043635,True,False,False,False,True,False,False,61,1,31.58634214521536,1.725174592696204,79.65122640004267,,-1,0.0,0.0,0,0,0,0,0,0,[],[],[]
193,419,success,False,104.090496,30.652348500000002,58.88989681079105,0.0,0.0,0.0,,,0.0,0.5039188287161136,49.688071813043635,True,False,False,False,True,False,False,61,1,31.58634214521536,1.725174592696204,79.65122640004267,,-1,0.0,0.0,0,0,0,0,0,0,[],[],[]
194,419,success,False,104.090496,30.652348500000002,58.88989681079105,0.0,0.0,0.0,,,0.0,0.5039188287161136,49.688071813043635,True,False,False,False,True,False,False,61,1,31.58634214521536,1.725174592696204,79.65122640004267,,-1,0.0,0.0,0,0,0,0,0,0,[],[],[]
195,419,success,False,104.090496,30.652348500000002,58.88989681079105,0.0,0.0,0.0,,,0.0,0.5039188287161136,49.688071813043635,True,False,False,False,True,False,False,61,1,31.58634214521536,1.725174592696204,79.65122640004267,,-1,0.0,0.0,0,0,0,0,0,0,[],[],[]
196,419,success,False,104.090496,30.652348500000002,58.88989681079105,0.0,0.0,0.0,,,0.0,0.5039188287161136,49.688071813043635,True,False,False,False,True,False,False,61,1,31.58634214521536,1.725174592696204,79.65122640004267,,-1,0.0,0.0,0,0,0,0,0,0,[],[],[]
197,419,success,False,104.090496,30.652348500000002,58.88989681079105,0.0,0.0,0.0,,,0.0,0.5039188287161136,49.688071813043635,True,False,False,False,True,False,False,61,1,31.58634214521536,1.725174592696204,79.65122640004267,,-1,0.0,0.0,0,0,0,0,0,0,[],[],[]
198,419,success,False,104.090496,30.652348500000002,58.88989681079105,0.0,0.0,0.0,,,0.0,0.5039188287161136,49.688071813043635,True,False,False,False,True,False,False,61,1,31.58634214521536,1.725174592696204,79.65122640004267,,-1,0.0,0.0,0,0,0,0,0,0,[],[],[]
199,419,success,False,104.090496,30.652348500000002,58.88989681079105,0.0,0.0,0.0,,,0.0,0.5039188287161136,49.688071813043635,True,False,False,False,True,False,False,61,1,31.58634214521536,1.725174592696204,79.65122640004267,,-1,0.0,0.0,0,0,0,0,0,0,[],[],[]
200,419,success,False,104.090496,30.652348500000002,58.88989681079105,0.0,0.0,0.0,,,0.0,0.5039188287161136,49.688071813043635,True,False,False,False,True,False,False,61,1,31.58634214521536,1.725174592696204,79.65122640004267,,-1,0.0,0.0,0,0,0,0,0,0,[],[],[]
