step,mcs_id,state,is_agent,longitude,latitude,remain_kwh,remain_change_kwh,energy_used_kwh,moved_distance_km,action_mode,action_target_longitude,action_target_latitude,reward,total_reward,is_idle,is_task,is_recharging,is_broken,is_arrive,current_target_type,current_target_id,charge_power_kwh,charge_time_remain_min,total_energy_consumed,total_charged_kwh,total_cost,total_profit,total_idle_time_min,near_quasi_count,near_iev_count,near_idle_mcs_count,near_task_mcs_count,near_available_fcs_count,near_busy_fcs_count,obs_self,obs_tgt,obs_mask
0,20,task,False,104.03240265345252,30.655656495158603,300.0,0.0,0.0,0.0,,,,0.0,0.0,False,True,False,False,False,IEV,432,94.91975723477726,47.45987861738863,0.1757132840957862,94.91975723477726,76.07637641509845,75.79523516054519,0.0,0,0,2,1,0,0,[],[],[]
1,20,task,False,104.03076382672626,30.650581247579304,291.59917504794754,-8.40082495205246,8.40082495205246,0.585710946985954,,,,0.0,0.0,False,True,False,False,True,IEV,432,86.69464556682058,43.34732278341029,0.1757132840957862,94.91975723477726,76.07637641509845,75.79523516054519,0.0,0,0,2,1,0,0,[],[],[]
2,20,task,False,104.03076382672626,30.650581247579304,281.59917504794754,-10.0,10.0,0.0,,,,0.0,0.0,False,True,False,False,True,IEV,432,76.69464556682058,38.34732278341029,0.1757132840957862,94.91975723477726,76.07637641509845,75.79523516054519,0.0,0,1,2,1,0,0,[],[],[]
3,20,task,False,104.03076382672626,30.650581247579304,271.59917504794754,-10.0,10.0,0.0,,,,0.0,0.0,False,True,False,False,True,IEV,432,66.69464556682058,33.34732278341029,0.1757132840957862,94.91975723477726,76.07637641509845,75.79523516054519,0.0,0,0,2,2,0,0,[],[],[]
4,20,task,False,104.03076382672626,30.650581247579304,261.59917504794754,-10.0,10.0,0.0,,,,0.0,0.0,False,True,False,False,True,IEV,432,56.69464556682058,28.34732278341029,0.1757132840957862,94.91975723477726,76.07637641509845,75.79523516054519,0.0,0,0,1,2,0,0,[],[],[]
5,20,task,False,104.03076382672626,30.650581247579304,251.59917504794754,-10.0,10.0,0.0,,,,0.0,0.0,False,True,False,False,True,IEV,432,46.69464556682058,23.34732278341029,0.1757132840957862,94.91975723477726,76.07637641509845,75.79523516054519,0.0,0,0,0,2,0,0,[],[],[]
6,20,task,False,104.03076382672626,30.650581247579304,241.59917504794754,-10.0,10.0,0.0,,,,0.0,0.0,False,True,False,False,True,IEV,432,36.69464556682058,18.34732278341029,0.1757132840957862,94.91975723477726,76.07637641509845,75.79523516054519,0.0,0,0,0,2,0,0,[],[],[]
7,20,task,False,104.03076382672626,30.650581247579304,231.59917504794754,-10.0,10.0,0.0,,,,0.0,0.0,False,True,False,False,True,IEV,432,26.694645566820583,13.347322783410291,0.1757132840957862,94.91975723477726,76.07637641509845,75.79523516054519,0.0,0,0,1,2,0,0,[],[],[]
8,20,task,False,104.03076382672626,30.650581247579304,221.59917504794754,-10.0,10.0,0.0,,,,0.0,0.0,False,True,False,False,True,IEV,432,16.694645566820583,8.347322783410291,0.1757132840957862,94.91975723477726,76.07637641509845,75.79523516054519,0.0,0,0,0,2,0,0,[],[],[]
9,20,task,False,104.03076382672626,30.650581247579304,211.59917504794754,-10.0,10.0,0.0,,,,0.0,0.0,False,True,False,False,True,IEV,432,6.694645566820583,3.3473227834102914,0.1757132840957862,94.91975723477726,76.07637641509845,75.79523516054519,0.0,0,0,1,2,0,0,[],[],[]
10,20,idle,True,104.03076382672626,30.650581247579304,204.90452948112696,-6.694645566820583,6.694645566820583,0.0,,,,0.0,0.0,True,False,False,False,False,,-1,0.0,0.0,0.1757132840957862,94.91975723477726,76.07637641509845,75.79523516054519,0.0,43,0,0,2,0,0,"[0.6830150982704232, 0.6829468035900642, 0.9999997955960295]","[[4.124654118335172, 0.1417823762268286, 474.33211924990536, 0.0, 0.7761141723810837], [55.11346316000157, 0.14609175616303186, 430.8419504934968, 0.0, 0.7515083847214198], [37.470084889567296, 0.26539517301231025, 477.37587722093093, 0.0, 0.8609268651900851], [50.03385439795645, 0.27844625341089807, 398.31729292299764, 0.0, 0.7575730079418168], [61.11875420255897, 0.30721789125221244, 425.7175457115514, 0.0, 0.0]]","[false, false, false, false, false]"
11,20,idle,True,104.027073,30.648246,204.77304690058023,-0.1314825805467308,0.1314825805467308,0.43827526848909554,Serve,104.027073,30.648246,0.6966320441625458,0.6966320441625458,True,False,False,False,False,,-1,0.0,0.0,0.30719586464251486,94.91975723477726,76.18156247953583,75.79523516054519,0.0,46,0,2,1,1,0,"[0.6825768230019341, 0.6843398127524517, 0.746576817362505]","[[4.124654118335172, 0.07924634343915496, 577.1278344265891, 0.8063371510190338, 0.7758816701831018], [55.11346316000157, 0.14179896952286172, 543.6483841363278, 0.7259975868909253, 0.0], [61.11875420255897, 0.1986448774759598, 519.5785177429057, 0.7516654169300424, 0.0], [38.65141603685754, 0.20381671485170907, 580.2771652046955, 0.9768590709179708, 0.8831264565767745], [37.470084889567296, 0.211709452894181, 555.8964682772454, 0.8908777800677636, 0.862678418104505]]","[false, false, false, false, false]"
12,20,idle,True,104.01683113377273,30.67062394785908,203.97078276793957,-0.8022641326406585,0.8022641326406585,2.6742137754688606,Serve,104.01683113377273,30.67062394785908,0.6683878545467578,1.3650198987093036,True,False,False,False,False,,-1,0.0,0.0,1.1094599972831731,94.91975723477726,76.82337378564836,75.79523516054519,0.0,49,0,2,1,1,0,"[0.6799026092264652, 0.913387726238449, 0.7807307032133161]","[[19.6123770996823, 0.09344383105250291, 654.2666328274202, 0.6327793679457603, 0.8741778249380725], [32.99228251517622, 0.12357337098356329, 649.4166671822104, 0.6544134308776157, 0.9584160703698544], [56.818179324594325, 0.1302779394148633, 644.9982211586387, 0.6159207187305902, 0.831656300090578], [32.731287115427136, 0.21855000061433436, 456.4920863749594, 0.5222679561619599, 1.9646905047371694], [43.98939913659073, 0.30474285083387115, 688.9680738365006, 1.0740846347915638, 0.8636639137369834]]","[false, false, false, false, false]"
13,20,idle,True,104.0220115,30.6585715,203.5421330964264,-0.42864967151317046,0.42864967151317046,1.428832238377265,Serve,104.0220115,30.6585715,-0.3451698483160716,1.019850050393232,True,False,False,False,False,,-1,0.0,0.0,1.5381096687963525,94.91975723477726,77.16629352285891,75.79523516054519,0.0,48,0,4,1,0,0,"[0.678473776988088, 0.6784059363944486, 0.7875190452688934]","[[9.854234520080439, 0.30521675921729546, 513.7080039731985, 0.9230551320675183, 0.0], [63.501917304393295, 0.31112506874304574, 591.1053905490257, 1.5510935501079781, 0.0], [52.475942986681964, 0.41393072939923714, 584.3277592318912, 1.5770886329596272, 0.7596408980414499], [51.48158822305085, 0.4550742195718634, 592.2732490275099, 1.8237941753765383, 0.8816245165525833], [4.124654118335172, 0.4835365047482108, 654.4341228616371, 1.4072428129984171, 0.7755263859437019]]","[false, false, false, false, false]"
14,20,idle,True,104.04824,30.66884,202.71524248923933,-0.8268906071870674,0.8268906071870674,2.7563020239568448,Serve,104.04824,30.66884,0.6681329904584802,1.6879830408517122,True,False,False,False,False,,-1,0.0,0.0,2.365000275983406,94.91975723477726,77.82780600860855,75.79523516054519,0.0,59,0,4,1,0,0,"[0.6757174749641311, 0.6756499099731338, 0.8698558172974756]","[[12.063284682218864, 0.018321122270275377, 853.566096962986, 1.2027054688602006, 0.0], [68.1791185880019, 0.19600876312140872, 743.3272066697975, 0.40322704549799704, 0.0], [49.695353418464876, 0.24666558490444981, 815.8758154975736, 1.1346734957907278, 0.0], [31.246367833787872, 0.25859714251826554, 837.035709948173, 0.604706578355661, 0.0], [44.724389453363585, 0.2771386580633282, 851.438938059656, 1.1596854304898458, 0.0]]","[false, false, false, false, false]"
15,20,idle,True,104.037604,30.685284,202.0875328751491,-0.6277096140902358,0.6277096140902358,2.0923653803008184,Serve,104.037604,30.685284,-0.6565605585732647,1.0314224822784475,True,False,False,False,False,,-1,0.0,0.0,2.9927098900736517,94.91975723477726,78.32997369988074,75.79523516054519,0.0,60,0,3,2,0,0,"[0.6736251095838303, 0.6735577538084494, 0.8784544598067912]","[[19.28037272585061, 0.006077760394018004, 804.8037745714864, 1.441368055667505, 0.0], [19.809954679688104, 0.09558255800394923, 752.4925550354707, 1.4545156364781915, 0.0], [6.62903516407259, 0.12775927169969212, 827.4390194282859, 1.417893739516498, 0.0], [32.525360409590924, 0.16522708467746883, 766.337193839389, 1.5503312348107232, 0.0], [59.04909149430943, 0.22383669453798571, 713.2967426343675, 1.9306987777196876, 0.0]]","[false, false, false, false, false]"
16,20,idle,True,104.019029,30.672149,201.39761880741904,-0.6899140677300579,0.6899140677300579,2.29971355910017,Serve,104.019029,30.672149,0.5568304996541283,1.588252981932576,True,False,False,False,False,,-1,0.0,0.0,3.6826239578037026,94.91975723477726,78.88190495406478,75.79523516054519,0.0,41,0,2,1,1,0,"[0.6713253960247301, 0.8895944184239343, 0.71099302062651]","[[32.99228251517622, 0.05363865496615966, 453.30648571191176, 0.892705055842924, 0.9577225115175172], [43.98939913659073, 0.21473876766357117, 537.3664088567542, 1.478374232441999, 0.8636639137369834], [33.22246292560348, 0.22534748498269988, 551.0580111079031, 1.5074354612825767, 0.8645530455974453], [36.49350836781352, 0.2651915550423652, 394.46951610471115, 0.7268417712691481, 1.9958740668308035], [16.020631168282122, 0.2692197997552191, 537.9921921168152, 1.5563920343285127, 0.8983046770212954]]","[false, false, false, false, false]"
17,20,idle,True,104.020536,30.647949,200.58918624085547,-0.8084325665635674,0.8084325665635674,2.6947752218785115,Serve,104.020536,30.647949,0.6999331792083875,2.2881861611409633,True,False,False,False,False,,-1,0.0,0.0,4.491056524367256,94.91975723477726,79.52865100731562,75.79523516054519,0.0,42,0,1,0,0,0,"[0.6686306208028515, 0.6685637644264089, 0.9430465698238542]","[[42.83291305285724, 0.11397898078944978, 553.6953361350147, 0.28612739520056, 0.0], [17.917660451387647, 0.14648497309809214, 582.5837934180254, 0.5422477189152655, 0.0], [48.4473858221999, 0.20426443730140978, 578.7999717376348, 0.5690492156810081, 0.0], [28.41451514614681, 0.2110916696378653, 538.309118374847, 0.2571334212152239, 0.8711262450459142], [9.854234520080439, 0.25507073977868716, 513.0757302595077, 0.2514887899910708, 0.0]]","[false, false, false, false, false]"
18,20,idle,True,104.024266,30.643244,200.3992037381814,-0.18998250267407002,0.18998250267407002,0.6332750089135959,Serve,104.024266,30.643244,0.6874851107977014,2.9756712719386647,True,False,False,False,False,,-1,0.0,0.0,4.681039027041335,94.91975723477726,79.68063700945488,75.79523516054519,0.0,45,0,2,0,1,0,"[0.667997345793938, 0.8199245151268972, 0.8015430748646324]","[[36.06431856303725, 0.04660229194169813, 532.4347447431049, 0.9821712360330469, 0.5698531634056695], [47.7727026568824, 0.11764229062388758, 510.81320520880263, 0.7861320202705683, 0.6417390725558441], [4.124654118335172, 0.20973708788914389, 570.2342333041745, 1.3552777281346589, 0.5156995763058569], [30.855349440309297, 0.2517874383352972, 508.03569015785735, 0.690322398206074, 0.5779235078828896], [42.84750735325928, 0.2821635229752721, 609.3168590216895, 0.969592383373777, 0.561668114302276]]","[false, false, false, false, false]"
19,20,task,False,104.0334607574184,30.662889522712906,199.69273269880378,-0.7064710393776181,0.7064710393776181,2.3549034645920615,Serve,104.0334607574184,30.662889522712906,0.44948931825393235,3.425160590192597,False,True,False,False,False,IEV,446,36.383293429242975,18.191646714621488,5.5982607989931035,131.30305066402025,109.52104917041069,104.73326931788026,0.0,0,0,4,1,0,0,[],[],[]
20,20,task,False,104.0311198787092,30.656901261356452,191.6107906428194,-8.08194205598437,8.08194205598437,0.7025024419138354,,,,0.0,3.425160590192597,False,True,False,False,True,IEV,446,28.51210210583275,14.256051052916375,5.5982607989931035,131.30305066402025,109.52104917041069,104.73326931788026,0.0,0,0,3,0,0,0,[],[],[]
21,20,task,False,104.0311198787092,30.656901261356452,181.6107906428194,-10.0,10.0,0.0,,,,0.0,3.425160590192597,False,True,False,False,True,IEV,446,18.51210210583275,9.256051052916375,5.5982607989931035,131.30305066402025,109.52104917041069,104.73326931788026,0.0,0,0,1,0,0,0,[],[],[]
22,20,task,False,104.0311198787092,30.656901261356452,171.6107906428194,-10.0,10.0,0.0,,,,0.0,3.425160590192597,False,True,False,False,True,IEV,446,8.51210210583275,4.256051052916375,5.5982607989931035,131.30305066402025,109.52104917041069,104.73326931788026,0.0,0,0,2,0,0,0,[],[],[]
23,20,idle,True,104.0311198787092,30.656901261356452,163.09868853698666,-8.512102105832753,8.512102105832753,0.0,,,,0.0,3.425160590192597,True,False,False,False,False,,-1,0.0,0.0,5.5982607989931035,131.30305066402025,109.52104917041069,104.73326931788026,0.0,57,0,1,0,0,0,"[0.5436622951232889, 0.5436079343298559, 0.958485052149236]","[[56.818179324594325, 0.31429270885519595, 699.6576417268834, 0.0, 0.0], [45.15582004509289, 0.3167211501799576, 573.0754783712156, 0.31486403636385035, 0.0], [4.124654118335172, 0.3730951936769484, 616.0176958678327, 0.0, 0.5177802568648135], [46.004955827732246, 0.4176432766528395, 746.2965171381486, 0.0, 0.0], [38.65141603685754, 0.45155762483385176, 572.9789827632535, 0.0, 0.5339437145085068]]","[false, false, false, false, false]"
24,20,idle,True,104.060944,30.663242,162.2171273546391,-0.8815611823475535,0.8815611823475535,2.9385372744918143,Serve,104.060944,30.663242,0.6999869778949521,4.125147568087549,True,False,False,False,False,,-1,0.0,0.0,6.479821981340648,131.30305066402025,110.22629811628873,104.73326931788026,0.0,71,0,2,2,1,0,"[0.540723757848797, 0.5601025099144479, 0.8482992091843695]","[[21.13925763573765, 0.011718557950629515, 848.500953607233, 0.5675961582720472, 0.7699121975499972], [38.76153277100819, 0.0929970054103277, 762.8122230048855, 0.5732596785756463, 0.0], [23.024458233454446, 0.16682920891852424, 819.0924891672989, 0.6634076092724381, 0.762737777808957], [40.3901704410292, 0.18508271079216645, 786.7830364789509, 0.2711946796615092, 0.8125889292166941], [27.487990427345785, 0.23084676225948528, 869.9336709801725, 0.5439410589168282, 0.9230499906414699]]","[false, false, false, false, false]"
25,20,idle,True,104.075052,30.644575,161.4743833243551,-0.7427440302840012,0.7427440302840012,2.4758134342800124,Serve,104.075052,30.644575,-0.699999807506906,3.425147760580643,True,False,False,False,False,,-1,0.0,0.0,7.222566011624652,131.30305066402025,110.82049334051594,104.73326931788026,0.0,88,0,4,2,1,0,"[0.538247944414517, 1.9224480689896497, 0.8341228037484996]","[[29.763177722431813, 0.05070330027810452, 1219.9075817284654, 1.9440425653896054, 1.6815169702893524], [62.66401866722225, 0.11794384587047975, 1235.0795187860751, 1.9201570528559686, 1.8248012254754529], [61.03363683253669, 0.1476316671768048, 1049.53834434507, 1.4760506844606611, 1.358662743680372], [47.18672856391916, 0.16122527608797918, 1263.9506521266348, 1.8554912253573104, 1.8786327646451775], [61.44824740276471, 0.2693002585097061, 1153.4846034819504, 2.4182256995928926, 1.2812474977174066]]","[false, false, false, false, false]"
26,20,idle,True,104.066672,30.624284,160.75604018291375,-0.7183431414413519,0.7183431414413519,2.3944771381378844,Serve,104.066672,30.624284,0.6998632764517728,4.125011037032416,True,False,False,False,False,,-1,0.0,0.0,7.940909153066017,131.30305066402025,111.39516785366904,104.73326931788026,0.0,66,0,2,3,1,0,"[0.5358534672763792, 1.0038186239314044, 0.8454959144185716]","[[42.516938799866644, 0.03788025693826368, 1009.838555780485, 0.6916660465589974, 1.1958556093964228], [47.18672856391916, 0.040610831399953216, 1006.3739769831908, 0.6939189391794832, 1.2006100277346263], [56.795845569883255, 0.1981175075612086, 1046.6180555962203, 1.0158430221097459, 1.2207171842977393], [53.44081067415621, 0.24448475877364442, 1099.2025263748453, 1.0742773057764614, 1.588778002871229], [68.46765368087935, 0.3033119306189705, 992.4112554167488, 0.6029184006510575, 1.1470173539698374]]","[false, false, false, false, false]"
27,20,idle,True,104.067542,30.625084,160.7194904346538,-0.036549748259943726,0.036549748259943726,0.12183249419985964,Serve,104.067542,30.625084,0.33744443254516354,4.46245546957758,True,False,False,False,False,,-1,0.0,0.0,7.977458901325975,131.30305066402025,111.424407652277,104.73326931788026,0.0,68,0,2,3,1,0,"[0.5357316347821793, 1.0721567729988635, 0.8562112607677378]","[[40.99045815503116, 0.10879012734740447, 861.2723192424712, 0.7140443499419061, 1.061928830793567], [25.794371051012597, 0.2216139128833712, 1101.2698803753985, 1.7671720429735882, 1.3602088128351644], [65.21184368091686, 0.2849843722823562, 1062.43768354369, 1.4233410870210057, 1.759435321978239], [58.16769709982026, 0.30551681193776487, 1090.923520167419, 1.7738264174349931, 1.3016881968582577], [16.427189553620735, 0.3126894148062212, 1023.8615498311476, 0.7789339046470662, 1.231342491764567]]","[false, false, false, false, false]"
28,20,idle,True,104.066211,30.637666,160.29803886110528,-0.4214515735485236,0.4214515735485236,1.4048385784950868,Serve,104.066211,30.637666,0.6925933101151516,5.155048779692732,True,False,False,False,False,,-1,0.0,0.0,8.398910474874501,131.30305066402025,111.76156891111582,104.73326931788026,0.0,75,0,4,2,1,0,"[0.5343267962036843, 4.300729819172647, 0.8229376624489775]","[[5.027557383863346, 0.007745260493985118, 1058.6856035508572, 1.358270280792638, 2.1892390095163794], [14.999309404573296, 0.1008849728375998, 1041.481527505173, 1.3898184062214218, 1.9488526660919816], [8.362830116750999, 0.14481387425912254, 1119.409284539715, 1.0654581069968945, 1.9921860571444239], [45.83231058414457, 0.19559582693028174, 1059.8236879446438, 1.1505260735466734, 1.5416398939461091], [21.982020257453748, 0.2113851326681495, 1129.610264111165, 1.103924214106506, 2.012602825552909]]","[false, false, false, false, false]"
29,20,idle,True,104.06584137094046,30.65748508511595,159.63681924908053,-0.6612196120247518,0.6612196120247518,2.204065373415875,Serve,104.06584137094046,30.65748508511595,-0.6578405530310775,4.497208226661654,True,False,False,False,False,,-1,0.0,0.0,9.060130086899264,131.30305066402025,112.29054460073563,104.73326931788026,0.0,99,0,3,2,1,0,"[0.5321227308302684, 0.7389642628085488, 0.8745725346079902]","[[23.144930987843665, 0.04051582843606464, 1417.849824915004, 1.1495040355072192, 0.9183302056420481], [40.90533280090836, 0.10232132620398975, 1385.041886426919, 1.026427650465216, 0.9021342896793091], [54.3207915920398, 0.1078719978303418, 1371.4328853908453, 1.0185937853058182, 0.9044135359686043], [44.19009413292339, 0.1294153933224254, 1385.8277792130764, 0.99542816368389, 0.9298688926426892], [51.32641872728222, 0.16447738062498224, 1386.2435794437781, 0.9515973663054913, 0.9230280766557696]]","[false, false, false, false, false]"
30,20,task,False,104.0567705,30.65958,159.3673066273882,-0.2695126216923427,0.2695126216923427,0.8983754056411649,Serve,104.0567705,30.65958,0.49426844520837865,4.991476671870033,False,True,False,False,False,IEV,494,49.090838604483515,24.545419302241758,9.657032973608247,180.39388926850376,152.04073779368963,143.74402798945377,0.0,0,0,2,3,1,0,[],[],[]
31,20,task,False,104.05652325,30.669392,152.34688873627692,-7.020417891111265,7.020417891111265,1.0913008833887803,,,,0.0,4.991476671870033,False,True,False,False,True,IEV,494,42.39781097838891,21.198905489194455,9.657032973608247,180.39388926850376,152.04073779368963,143.74402798945377,0.0,0,0,1,4,0,0,[],[],[]
32,20,task,False,104.05652325,30.669392,142.34688873627692,-10.0,10.0,0.0,,,,0.0,4.991476671870033,False,True,False,False,True,IEV,494,32.39781097838891,16.198905489194455,9.657032973608247,180.39388926850376,152.04073779368963,143.74402798945377,0.0,0,0,1,4,0,0,[],[],[]
33,20,task,False,104.05652325,30.669392,132.34688873627692,-10.0,10.0,0.0,,,,0.0,4.991476671870033,False,True,False,False,True,IEV,494,22.39781097838891,11.198905489194455,9.657032973608247,180.39388926850376,152.04073779368963,143.74402798945377,0.0,0,0,1,5,0,0,[],[],[]
34,20,task,False,104.05652325,30.669392,122.34688873627692,-10.0,10.0,0.0,,,,0.0,4.991476671870033,False,True,False,False,True,IEV,494,12.397810978388911,6.1989054891944555,9.657032973608247,180.39388926850376,152.04073779368963,143.74402798945377,0.0,0,0,5,3,0,0,[],[],[]
35,20,task,False,104.05652325,30.669392,112.34688873627692,-10.0,10.0,0.0,,,,0.0,4.991476671870033,False,True,False,False,True,IEV,494,2.397810978388911,1.1989054891944555,9.657032973608247,180.39388926850376,152.04073779368963,143.74402798945377,0.0,0,0,3,4,0,0,[],[],[]
36,20,idle,True,104.05652325,30.669392,109.949077757888,-2.397810978388918,2.397810978388918,0.0,,,,0.0,4.991476671870033,True,False,False,False,False,,-1,0.0,0.0,9.657032973608247,180.39388926850376,152.04073779368963,143.74402798945377,0.0,79,0,3,4,0,0,"[0.3664969258596267, 0.36646027983164353, 0.9100510278816094]","[[16.542767069910525, 0.1459973919858459, 941.2341650502731, 1.4068242428412951, 0.0], [38.130435371863136, 0.17618695429130463, 741.3706865738119, 1.2555199445264331, 0.0], [8.011748757292679, 0.23451623629701265, 993.1158579995513, 1.3606528876051756, 0.0], [13.672216505717856, 0.2611064434329136, 746.976420767417, 1.1330621945586399, 0.0], [38.05334025297482, 0.31064189322952956, 1017.0446161624853, 1.5615123269898492, 0.0]]","[false, false, false, false, false]"
37,20,idle,True,104.059595,30.680643,109.56355300325286,-0.38552475463514213,0.38552475463514213,1.2850825154504601,Serve,104.059595,30.680643,0.6999995929326979,5.691476264802731,True,False,False,False,False,,-1,0.0,0.0,10.042557728243386,180.39388926850376,152.34915759739775,143.74402798945377,0.0,63,0,1,4,0,0,"[0.3652118433441762, 0.36517532581159506, 0.9585205530838538]","[[14.869925848776951, 0.044802591691670696, 733.3174329578331, 0.3757957035390227, 0.0], [59.04909149430943, 0.19943511416144113, 839.0953815387868, 0.35542190435584897, 0.0], [13.05261961249213, 0.20052863440515245, 606.7419353283208, 0.36400148555813316, 0.0], [30.293110847983336, 0.22546351521377592, 896.7561860051163, 0.3609922641780735, 0.0], [4.3700314994744005, 0.22917710423657892, 526.9893947989783, 0.30794997428787363, 0.0]]","[false, false, false, false, false]"
38,20,idle,True,104.07051677493459,30.692194698105453,109.06690413043236,-0.49664887282050074,0.49664887282050074,1.6554962427350184,Serve,104.07051677493459,30.692194698105453,0.6999998567595159,6.391476121562246,True,False,False,False,False,,-1,0.0,0.0,10.539206601063892,180.39388926850376,152.74647669565417,143.74402798945377,0.0,53,0,0,2,0,0,"[0.3635563471014412, 0.363519995101931, 0.9999998754277123]","[[42.83291305285724, 0.08851393709306261, 710.4988764479185, 0.0, 0.0], [45.58535162037448, 0.10891727499382742, 670.2807710674966, 0.0, 0.0], [51.14346349866775, 0.12691392722770514, 620.9924104475882, 0.0, 0.0], [25.739183559070618, 0.18106627817910295, 724.9693771426622, 0.0, 0.0], [50.628865676873545, 0.21790664225679204, 782.2686740272212, 0.0, 0.0]]","[false, false, false, false, false]"
39,20,task,False,104.071719,30.695459,108.95268159592743,-0.11422253450493258,0.11422253450493258,0.38074178168311545,Serve,104.071719,30.695459,0.49426844520837865,6.885744566770625,False,True,False,False,False,IEV,121,50.50340385647999,25.251701928239996,10.922583192896786,230.89729312498375,193.4559010543045,183.93142782877538,0.0,0,0,0,2,0,0,[],[],[]
40,20,task,False,104.07732200000001,30.688986999999997,101.40232038739042,-7.550361208537012,7.550361208537012,0.8971801910931986,,,,0.0,6.885744566770625,False,True,False,False,True,IEV,121,43.22219670527093,21.611098352635466,10.922583192896786,230.89729312498375,193.4559010543045,183.93142782877538,0.0,0,0,0,1,0,0,[],[],[]
41,20,task,False,104.07732200000001,30.688986999999997,91.40232038739042,-10.0,10.0,0.0,,,,0.0,6.885744566770625,False,True,False,False,True,IEV,121,33.22219670527093,16.611098352635466,10.922583192896786,230.89729312498375,193.4559010543045,183.93142782877538,0.0,0,0,0,1,0,0,[],[],[]
42,20,task,False,104.07732200000001,30.688986999999997,81.40232038739042,-10.0,10.0,0.0,,,,0.0,6.885744566770625,False,True,False,False,True,IEV,121,23.22219670527093,11.611098352635466,10.922583192896786,230.89729312498375,193.4559010543045,183.93142782877538,0.0,0,0,0,2,0,0,[],[],[]
43,20,task,False,104.07732200000001,30.688986999999997,71.40232038739042,-10.0,10.0,0.0,,,,0.0,6.885744566770625,False,True,False,False,True,IEV,121,13.222196705270932,6.611098352635466,10.922583192896786,230.89729312498375,193.4559010543045,183.93142782877538,0.0,0,0,0,2,0,0,[],[],[]
44,20,task,False,104.07732200000001,30.688986999999997,61.40232038739042,-10.0,10.0,0.0,,,,0.0,6.885744566770625,False,True,False,False,True,IEV,121,3.2221967052709317,1.6110983526354659,10.922583192896786,230.89729312498375,193.4559010543045,183.93142782877538,0.0,0,0,1,1,0,0,[],[],[]
45,20,idle,True,104.07732200000001,30.688986999999997,58.180123682119486,-3.2221967052709317,3.2221967052709317,0.0,,,,0.0,6.885744566770625,True,False,False,False,False,,-1,0.0,0.0,10.922583192896786,230.89729312498375,193.4559010543045,183.93142782877538,0.0,66,1,1,1,0,0,"[0.19393374560706494, 0.1939143541716478, 0.9659294996934544]","[[30.310528114895185, 0.20225928786269332, 618.6368448863324, 0.2953037836773222, 0.0], [16.020631168282122, 0.22075565900437807, 647.1345891005731, 0.3160187017342791, 0.0], [8.921940393471424, 0.24892277638962604, 751.3860570457358, 0.27919800438738357, 0.0], [22.542019324562588, 0.28230274490039114, 863.2449383353171, 0.30797439537829496, 0.0], [29.772050020269816, 0.28311163887925667, 843.557373469506, 0.298603481737219, 0.0]]","[false, false, false, false, false]"
46,20,task,False,104.072495,30.69543,57.92445376867186,-0.25566991344762613,0.25566991344762613,0.8522330448254177,Serve,104.072495,30.69543,0.49426844520837865,7.3800130119790035,False,True,False,False,False,IEV,481,44.18030953261724,22.09015476630862,11.45953739784257,275.077602657601,229.22971204435493,219.05064802167064,0.0,0,0,0,1,0,0,[],[],[]
47,20,task,False,104.0631695,30.692823,50.484494351073955,-7.439959417597905,7.439959417597905,0.9376143049938624,,,,0.0,7.3800130119790035,False,True,False,False,True,IEV,481,37.02163440651749,18.510817203258746,11.45953739784257,275.077602657601,229.22971204435493,219.05064802167064,0.0,0,0,0,1,0,0,[],[],[]
48,20,task,False,104.0631695,30.692823,40.484494351073955,-10.0,10.0,0.0,,,,0.0,7.3800130119790035,False,True,False,False,True,IEV,481,27.021634406517492,13.510817203258746,11.45953739784257,275.077602657601,229.22971204435493,219.05064802167064,0.0,0,0,3,2,0,0,[],[],[]
49,20,task,False,104.0631695,30.692823,30.484494351073955,-10.0,10.0,0.0,,,,0.0,7.3800130119790035,False,True,False,False,True,IEV,481,17.021634406517492,8.510817203258746,11.45953739784257,275.077602657601,229.22971204435493,219.05064802167064,0.0,0,0,3,2,0,0,[],[],[]
50,20,task,False,104.0631695,30.692823,20.484494351073955,-10.0,10.0,0.0,,,,0.0,7.3800130119790035,False,True,False,False,True,IEV,481,7.021634406517492,3.510817203258746,11.45953739784257,275.077602657601,229.22971204435493,219.05064802167064,0.0,0,0,1,3,0,0,[],[],[]
51,20,idle,True,104.0631695,30.692823,13.462859944556463,-7.021634406517492,7.021634406517492,0.0,,,,0.0,7.3800130119790035,True,False,False,False,False,,-1,0.0,0.0,11.45953739784257,275.077602657601,229.22971204435493,219.05064802167064,0.0,55,0,2,3,0,0,"[0.04487619981518821, 0.04487171264392382, 0.9167303586297617]","[[37.50209263275488, 0.08612712085048625, 552.8998723040738, 0.5760561855558821, 0.0], [28.0517054216616, 0.0924927650329026, 552.1535442256128, 0.5810238636637922, 0.0], [41.45072851854302, 0.1142779206452782, 551.9486861408782, 0.5919095500821806, 0.0], [3.6464596201621475, 0.18899353094396779, 582.4342205088404, 0.5967637566581828, 0.0], [35.67522668476597, 0.24328664766463728, 541.6052473853572, 0.6311926705465609, 0.0]]","[false, false, false, false, false]"
52,20,idle,True,104.069568,30.674719,12.83165758766306,-0.6312023568934038,0.6312023568934038,2.104007856311346,Serve,104.069568,30.674719,-0.6999048042376238,6.680108207741379,True,False,False,False,False,,-1,0.0,0.0,12.090739754735974,275.077602657601,229.73467392986964,219.05064802167064,0.0,71,0,2,4,0,0,"[0.04277219195887687, 0.04276791516736013, 0.9371131131197771]","[[24.55962002215864, 0.16130908917523773, 662.3194718818442, 0.3396267851973944, 0.0], [28.21403271380059, 0.21631041271617787, 824.8353723440225, 0.6587598607264997, 0.0], [28.803141484509013, 0.2741382155645654, 779.0053735849971, 0.5537380117323498, 0.0], [24.525892425133947, 0.2955143115975956, 635.1087160944141, 0.35307971646116537, 0.0], [20.053328509349214, 0.32031010713678315, 726.4460636453236, 0.7589848462811324, 0.0]]","[false, false, false, false, false]"
53,20,idle,True,104.04585,30.663533,12.055539121624486,-0.7761184660385734,0.7761184660385734,2.587061553461914,Serve,104.04585,30.663533,-0.679907012425884,6.000201195315495,True,False,False,False,False,,-1,0.0,0.0,12.866858220774548,275.077602657601,230.3555687027005,219.05064802167064,0.0,79,0,2,2,0,0,"[0.04018513040541495, 0.040181112294185535, 0.9378012103956501]","[[45.58535162037448, 0.03181677318510164, 751.1819547025748, 0.6515269070817196, 0.0], [16.631383311366214, 0.1596094894373553, 837.4159217936935, 1.1439966760250715, 0.0], [16.020631168282122, 0.16315677102329823, 762.9542848420494, 1.0805049169705772, 0.0], [25.884088248095374, 0.25385382029709014, 732.9334951758842, 0.7403011937516379, 0.0], [42.84750735325928, 0.3125102798794461, 583.8698744359049, 0.35564125941012087, 0.0]]","[false, false, false, false, false]"
54,20,idle,True,104.031269,30.6412245,11.201788001966044,-0.8537511196584422,0.8537511196584422,2.8458370655281424,Serve,104.031269,30.6412245,-0.6881250385243791,5.312076156791116,True,False,False,False,False,,-1,0.0,0.0,13.72060934043299,275.077602657601,231.03856959842727,219.05064802167064,0.0,41,0,2,2,0,1,"[0.037339293339886816, 0.03733555978390843, 0.8906129742170067]","[[38.65141603685754, 0.11287853167332236, 438.6580531262104, 0.7698652597582549, 0.0], [35.74541235786292, 0.1684030759253237, 446.4252179882926, 0.9710433373692544, 0.0], [57.074171538060774, 0.19318211654517956, 410.1904274707902, 0.7130016648610592, 0.0], [14.999309404573296, 0.22363811146181853, 582.8259254310223, 1.0589486092165121, 0.0], [23.144930987843665, 0.2628402326541165, 592.3840608709456, 1.4088911871396899, 0.25363838176307607]]","[false, false, false, false, false]"
55,20,idle,True,104.025279,30.628309,10.73790866064502,-0.4638793413210234,0.4638793413210234,1.5462644710700757,Serve,104.025279,30.628309,0.21329835595836025,5.525374512749477,True,False,False,False,False,,-1,0.0,0.0,14.184488681754013,275.077602657601,231.4096730714841,219.05064802167064,0.0,37,0,1,2,0,1,"[0.03579302886881674, 0.03578944992382436, 0.9306428555226225]","[[47.0425163302277, 0.06339095275124648, 368.0486987052028, 0.2805591819576493, 0.0], [32.70118005123367, 0.1778729820017275, 394.9488240353987, 0.2898674304258286, 0.0], [44.69945489297588, 0.2527350309880012, 311.0957373955559, 0.0, 0.0], [19.294559556125705, 0.321837286090667, 340.74487791035904, 0.0, 0.0], [7.630367764316489, 0.3702017863120372, 550.6067107247385, 0.37687785735872015, 0.0]]","[false, false, false, false, false]"
56,20,idle,True,104.035791,30.638865,10.274188821536992,-0.4637198391080286,0.4637198391080286,1.5457327970267634,Serve,104.035791,30.638865,-0.5561290848004726,4.969245427949004,True,False,False,False,False,,-1,0.0,0.0,14.648208520862042,275.077602657601,231.7806489427705,219.05064802167064,0.0,57,0,0,5,0,1,"[0.03424729607178997, 0.034243871684621514, 0.9999998883056757]","[[23.144930987843665, 0.03218311012603389, 639.6723029297855, 0.0, 0.0], [21.13925763573765, 0.036643288682744586, 646.1303319362083, 0.0, 0.0], [47.0425163302277, 0.20146607859021107, 534.9859950621515, 0.0, 0.0], [57.44221589090985, 0.22129509174259746, 694.3294113075851, 0.2562791852581046, 0.0], [60.733098040252465, 0.22536595625438316, 545.4408101756615, 0.0, 0.0]]","[false, false, false, false, false]"
57,20,idle,True,104.045469,30.65182,9.760467940473026,-0.513720881063966,0.513720881063966,1.7124029368798852,Serve,104.045469,30.65182,-0.30340474656646865,4.6658406813825355,True,False,False,False,False,,-1,0.0,0.0,15.161929401926008,275.077602657601,232.1916256476217,219.05064802167064,0.0,67,0,1,3,0,1,"[0.032534893134910085, 0.032531639970913, 0.9644121714186509]","[[32.46523845497911, 0.22624821289936725, 631.0462560224909, 0.6739885644307657, 0.0], [8.011748757292679, 0.30621335280239975, 629.3161953644092, 0.690220285944477, 0.7635244739302591], [43.75601701532576, 0.3186845300180408, 683.9929183963081, 0.28767767050418014, 0.0], [17.069926506846016, 0.34113014270488873, 629.5979125710676, 0.6924753862506317, 0.7835155189445348], [13.05261961249213, 0.3704600313291408, 612.0174994245451, 0.7543197062463498, 0.0]]","[false, false, false, false, false]"
58,20,idle,True,104.036049,30.634492,9.122331737689183,-0.6381362027838424,0.6381362027838424,2.127120675946141,Serve,104.036049,30.634492,0.0694699947580884,4.735310676140624,True,False,False,False,False,,-1,0.0,0.0,15.80006560470985,275.077602657601,232.70213460984877,219.05064802167064,0.0,44,0,1,3,1,0,"[0.030407772458963946, 0.05277940422223974, 0.8135372790904196]","[[60.733098040252465, 0.0, 517.8620617595745, 0.3971122419230695, 1.0996710541517833], [23.654567519179963, 0.12072175663161772, 554.7100667654253, 0.35469750903940805, 1.1482655315739692], [8.011748757292679, 0.13534633982107824, 576.8507252758943, 0.34298007907611117, 1.0818259201988367], [17.069926506846016, 0.1359567023565079, 567.8065467428065, 0.34291768153396207, 1.084237484195448], [27.454071752452393, 0.17775036193224114, 527.4086771297241, 0.338283316723499, 1.1726108619066835]]","[false, false, false, false, false]"
59,20,recharging,False,104.02641902860705,30.62134443882263,13.36727323811595,4.244941500426766,0.0,1.7280885394532917,Recharge,104.02641902860705,30.62134443882263,-0.05234862738979938,4.682962048750825,False,False,True,False,True,FCS,5,35.23663193773724,17.61831596886862,16.318492166545838,275.077602657601,265.1168758593176,219.05064802167064,0.0,0,0,2,1,0,0,[],[],[]
60,20,recharging,False,104.02641902860705,30.62134443882263,23.36727323811595,10.0,0.0,0.0,,,,0.0,4.682962048750825,False,False,True,False,True,FCS,5,25.236631937737243,12.618315968868622,16.318492166545838,275.077602657601,265.1168758593176,219.05064802167064,0.0,0,0,2,0,0,0,[],[],[]
61,20,recharging,False,104.02641902860705,30.62134443882263,33.36727323811595,10.0,0.0,0.0,,,,0.0,4.682962048750825,False,False,True,False,True,FCS,5,15.236631937737243,7.618315968868622,16.318492166545838,275.077602657601,265.1168758593176,219.05064802167064,0.0,0,0,0,0,0,0,[],[],[]
62,20,recharging,False,104.02641902860705,30.62134443882263,43.36727323811595,10.0,0.0,0.0,,,,0.0,4.682962048750825,False,False,True,False,True,FCS,5,5.2366319377372434,2.6183159688686217,16.318492166545838,275.077602657601,265.1168758593176,219.05064802167064,0.0,0,0,0,1,0,0,[],[],[]
63,20,idle,True,104.02641902860705,30.62134443882263,48.60390517585319,5.2366319377372434,0.0,0.0,,,,0.0,4.682962048750825,True,False,False,False,False,,-1,0.0,0.0,16.318492166545838,275.077602657601,265.1168758593176,219.05064802167064,0.0,24,0,0,1,1,0,"[0.16201301725284398, 1620.1301725284397, 0.8346900505081789]","[[34.209242489328254, 0.4651941125240055, 369.2147846568663, 0.0, 0.8348700725632543], [19.294559556125705, 0.5044458037220279, 246.33868788244487, 0.0, 0.7957546770738131], [2.8855373782737956, 0.5118043807462188, 439.2811386222116, 0.0, 0.7888260759877932], [31.59620034143839, 0.5594383500090296, 399.880056607029, 0.0, 0.7467381404513154], [60.733098040252465, 0.5781755066440696, 411.8254929097618, 0.0, 0.7313880430201796]]","[false, false, false, false, false]"
64,20,idle,True,104.048963,30.604971,47.757017892898,-0.8468872829551941,0.8468872829551941,2.8229576098506355,Serve,104.048963,30.604971,0.6994555793449555,5.38241762809578,True,False,False,False,False,,-1,0.0,0.0,17.165379449501028,275.077602657601,265.79438568568173,219.05064802167064,0.0,30,0,1,0,1,0,"[0.15919005964299332, 0.1691557218380245, 0.7949289082965321]","[[43.50759520865341, 0.3075316621237766, 306.75889828820704, 0.4064713328492608, 0.0], [28.942454109183032, 0.35786108999639893, 171.50079177630099, 0.2277354610083609, 0.5203649857755733], [37.17924428889335, 0.39220364545561076, 177.5133879385322, 0.23467078278692588, 0.6179981907228059], [4.124654118335172, 0.4408794210737066, 370.7589993189354, 0.5473666851484358, 0.0], [32.99655394225191, 0.5147798613633113, 346.67018822061505, 0.3958009501524095, 0.0]]","[false, false, false, false, false]"
65,20,task,False,104.066801,30.622166,46.988074421373604,-0.7689434715243948,0.7689434715243948,2.5631449050813164,Serve,104.066801,30.622166,0.6850105391885969,6.067428167284377,False,True,False,False,False,IEV,139,42.94231281431481,21.471156407157405,18.17442141276639,318.0199154719158,300.9554695077459,253.21241947972973,0.0,0,1,1,1,0,1,[],[],[]
66,20,task,False,104.0751205,30.6214255,39.17323157634907,-7.814842845024536,7.814842845024536,0.8003283058032153,,,,0.0,6.067428167284377,False,True,False,False,True,IEV,139,35.36756846103124,17.68378423051562,18.17442141276639,318.0199154719158,300.9554695077459,253.21241947972973,0.0,0,0,2,1,0,1,[],[],[]
67,20,task,False,104.0751205,30.6214255,29.173231576349067,-10.0,10.0,0.0,,,,0.0,6.067428167284377,False,True,False,False,True,IEV,139,25.36756846103124,12.68378423051562,18.17442141276639,318.0199154719158,300.9554695077459,253.21241947972973,0.0,0,1,1,1,0,1,[],[],[]
68,20,task,False,104.0751205,30.6214255,19.173231576349067,-10.0,10.0,0.0,,,,0.0,6.067428167284377,False,True,False,False,True,IEV,139,15.36756846103124,7.68378423051562,18.17442141276639,318.0199154719158,300.9554695077459,253.21241947972973,0.0,0,1,1,1,0,1,[],[],[]
69,20,task,False,104.0751205,30.6214255,9.173231576349067,-10.0,10.0,0.0,,,,0.0,6.067428167284377,False,True,False,False,True,IEV,139,5.36756846103124,2.68378423051562,18.17442141276639,318.0199154719158,300.9554695077459,253.21241947972973,0.0,0,2,2,2,0,1,[],[],[]
70,20,idle,True,104.0751205,30.6214255,3.8056631153178273,-5.36756846103124,5.36756846103124,0.0,,,,0.0,6.067428167284377,True,False,False,False,False,,-1,0.0,0.0,18.17442141276639,318.0199154719158,300.9554695077459,253.21241947972973,0.0,39,2,1,2,0,1,"[0.012685543717726091, 0.012684275290197071, 0.991228219703358]","[[6.703293925936734, 0.057866410949897314, 473.2506051404844, 0.08260467062926388, 0.0], [36.6588624883115, 0.08891029345885049, 496.2781682265413, 0.07889825226727695, 0.0], [19.690845708665094, 0.21522949327739258, 483.74230687691966, 0.09269977995052123, 0.0], [29.103224207734257, 0.2699488373837067, 500.21848484579635, 0.07395658193329764, 0.0], [17.504102087338744, 0.2704941775361602, 532.7308386582094, 0.07100478593254811, 0.0]]","[false, false, false, false, false]"
71,20,idle,True,104.092307,30.637007,3.0890470781280124,-0.7166160371898149,0.7166160371898149,2.38872012396605,Serve,104.092307,30.637007,0.006573995519517359,6.074002162803894,True,False,False,False,False,,-1,0.0,0.0,18.891037449956205,318.0199154719158,301.5287623374977,253.21241947972973,0.0,42,5,4,0,0,1,"[0.010296823593760041, 0.010295794014358605, 0.9561338091593494]","[[18.993199702962812, 0.1449749475457833, 459.8300847804721, 0.25086087924488026, 0.0], [38.01066308969108, 0.2554015167093779, 525.0697119440736, 0.4883767237234457, 0.0], [49.14280207847001, 0.3173871863808118, 359.23154006830026, 0.04537538067602078, 0.0], [34.687651115792875, 0.4274102637079149, 689.4171271242428, 0.48805360265947706, 0.0], [38.41212897632126, 0.48642025911630044, 458.8093035490518, 0.51805758591221, 0.0]]","[false, false, false, false, false]"
72,20,idle,True,104.111096,30.657205,2.22606517769796,-0.8629819004300523,0.8629819004300523,2.8766063347668407,Serve,104.111096,30.657205,-0.12303052531911855,5.950971637484775,True,False,False,False,False,,-1,0.0,0.0,19.75401935038626,318.0199154719158,302.21914785784173,253.21241947972973,0.0,34,1,3,0,0,0,"[0.0074202172589932, 0.007419475311462054, 0.9209051725533868]","[[25.07711995937703, 0.047338877628425396, 328.4625510808028, 0.3800263355777763, 0.0], [47.03444433402749, 0.12200285871747163, 262.6674214311234, 0.21097273952511045, 0.0], [23.024458233454446, 0.16603654385153624, 272.6908344696099, 0.23183850588845606, 0.0], [12.553462763090337, 0.21273184240977927, 277.31832216084473, 0.38708967151552814, 0.0], [20.053328509349214, 0.22169096438637756, 340.29381388161676, 0.4349324462745997, 0.0]]","[false, false, false, false, false]"
73,20,idle,True,104.11111301608221,30.655927897622078,2.1834601878323774,-0.0426049898655827,0.0426049898655827,0.1420166328852762,Serve,104.11111301608221,30.655927897622078,-0.13713565066359099,5.813835986821184,True,False,False,False,False,,-1,0.0,0.0,19.796624340251842,318.0199154719158,302.2532318497342,253.21241947972973,0.0,27,1,7,0,0,0,"[0.0072782006261079245, 0.007277472878820043, 0.7990275731471062]","[[13.669705413217216, 0.05741539961180883, 271.6776881979793, 0.9280500043106963, 0.0], [47.03444433402749, 0.2276859817800245, 215.331243819365, 0.5704483099704785, 0.0], [20.053328509349214, 0.26838623372908343, 246.9307269329967, 0.8357963943553883, 0.0], [25.07711995937703, 0.28817323990810756, 190.3392826370557, 0.6095237249979994, 0.0], [12.553462763090337, 0.32220657449711226, 397.69781054766435, 1.0523277712713868, 0.0]]","[false, false, false, false, false]"
74,20,idle,True,104.085346,30.649704,1.4154197766811558,-0.7680404111512216,0.7680404111512216,2.560134703837405,Serve,104.085346,30.649704,-0.22085878309798923,5.592977203723195,True,False,False,False,False,,-1,0.0,0.0,20.564664751403065,318.0199154719158,302.8676641786552,253.21241947972973,0.0,59,0,8,0,0,1,"[0.004718065922270519, 0.004717594162854234, 0.8626651027215053]","[[25.055922238063516, 0.1763615771143161, 548.6744513172102, 1.154964852502129, 0.0], [12.553462763090337, 0.18080117039500943, 540.8720514106466, 1.2306517439557545, 0.0], [36.85730264986858, 0.20969146669087999, 518.8166828086321, 1.1268729313230166, 0.0], [19.809954679688104, 0.2433874432777309, 441.55511520185394, 1.1123684394949396, 0.0], [16.56092404043291, 0.2525649930818167, 554.7079407122548, 1.1591109226901737, 0.0]]","[false, false, false, false, false]"
75,20,idle,True,104.114868,30.65665,0.5371044221715239,-0.8783153545096319,0.8783153545096319,2.92771784836544,Serve,104.114868,30.65665,-0.12961187616157088,5.4633653275616245,True,False,False,False,False,,-1,0.0,0.0,21.442980105912696,318.0199154719158,303.57031646226295,253.21241947972973,0.0,26,1,5,0,0,0,"[0.0017903480739050795, 0.0017901690569993797, 0.8385128855848478]","[[6.703293925936734, 0.15993090507427146, 259.75934145107954, 0.4070398636718864, 0.0], [20.199745974658313, 0.25508896437786527, 160.03647992792872, 0.4339072825071997, 0.0], [14.869925848776951, 0.2645076838207489, 358.1096133135864, 0.6516825379495879, 0.0], [20.053328509349214, 0.27156283228299244, 326.1447865514032, 0.4746573094742632, 0.0], [15.957177558342394, 0.3761361248883906, 135.32191341820527, 0.19925574495365467, 0.0]]","[false, false, false, false, false]"
76,20,broken,False,104.095868,30.639609,0.0,-0.5371044221715239,0.5371044221715239,2.625675436525007,Serve,104.095868,30.639609,-0.07323107340405537,5.390134254157569,False,False,False,True,False,,-1,0.0,0.0,22.230682736870197,318.0199154719158,304.20047856702894,253.21241947972973,0.0,0,0,6,0,0,0,[],[],[]
77,20,broken,False,104.095868,30.639609,0.0,0.0,0.0,0.0,,,,0.0,5.390134254157569,False,False,False,True,False,,-1,0.0,0.0,22.230682736870197,318.0199154719158,304.20047856702894,253.21241947972973,0.0,0,0,4,0,0,0,[],[],[]
78,20,broken,False,104.095868,30.639609,0.0,0.0,0.0,0.0,,,,0.0,5.390134254157569,False,False,False,True,False,,-1,0.0,0.0,22.230682736870197,318.0199154719158,304.20047856702894,253.21241947972973,0.0,0,0,4,0,0,0,[],[],[]
79,20,broken,False,104.095868,30.639609,0.0,0.0,0.0,0.0,,,,0.0,5.390134254157569,False,False,False,True,False,,-1,0.0,0.0,22.230682736870197,318.0199154719158,304.20047856702894,253.21241947972973,0.0,0,0,3,0,0,0,[],[],[]
80,20,broken,False,104.095868,30.639609,0.0,0.0,0.0,0.0,,,,0.0,5.390134254157569,False,False,False,True,False,,-1,0.0,0.0,22.230682736870197,318.0199154719158,304.20047856702894,253.21241947972973,0.0,0,0,5,0,0,0,[],[],[]
81,20,broken,False,104.095868,30.639609,0.0,0.0,0.0,0.0,,,,0.0,5.390134254157569,False,False,False,True,False,,-1,0.0,0.0,22.230682736870197,318.0199154719158,304.20047856702894,253.21241947972973,0.0,0,0,5,0,0,0,[],[],[]
82,20,broken,False,104.095868,30.639609,0.0,0.0,0.0,0.0,,,,0.0,5.390134254157569,False,False,False,True,False,,-1,0.0,0.0,22.230682736870197,318.0199154719158,304.20047856702894,253.21241947972973,0.0,0,0,3,0,0,0,[],[],[]
83,20,broken,False,104.095868,30.639609,0.0,0.0,0.0,0.0,,,,0.0,5.390134254157569,False,False,False,True,False,,-1,0.0,0.0,22.230682736870197,318.0199154719158,304.20047856702894,253.21241947972973,0.0,0,0,1,1,0,0,[],[],[]
84,20,broken,False,104.095868,30.639609,0.0,0.0,0.0,0.0,,,,0.0,5.390134254157569,False,False,False,True,False,,-1,0.0,0.0,22.230682736870197,318.0199154719158,304.20047856702894,253.21241947972973,0.0,0,0,1,1,0,0,[],[],[]
85,20,broken,False,104.095868,30.639609,0.0,0.0,0.0,0.0,,,,0.0,5.390134254157569,False,False,False,True,False,,-1,0.0,0.0,22.230682736870197,318.0199154719158,304.20047856702894,253.21241947972973,0.0,0,0,3,0,0,0,[],[],[]
86,20,broken,False,104.095868,30.639609,0.0,0.0,0.0,0.0,,,,0.0,5.390134254157569,False,False,False,True,False,,-1,0.0,0.0,22.230682736870197,318.0199154719158,304.20047856702894,253.21241947972973,0.0,0,0,1,0,0,0,[],[],[]
87,20,broken,False,104.095868,30.639609,0.0,0.0,0.0,0.0,,,,0.0,5.390134254157569,False,False,False,True,False,,-1,0.0,0.0,22.230682736870197,318.0199154719158,304.20047856702894,253.21241947972973,0.0,0,0,1,0,0,0,[],[],[]
88,20,broken,False,104.095868,30.639609,0.0,0.0,0.0,0.0,,,,0.0,5.390134254157569,False,False,False,True,False,,-1,0.0,0.0,22.230682736870197,318.0199154719158,304.20047856702894,253.21241947972973,0.0,0,0,1,0,0,0,[],[],[]
89,20,broken,False,104.095868,30.639609,0.0,0.0,0.0,0.0,,,,0.0,5.390134254157569,False,False,False,True,False,,-1,0.0,0.0,22.230682736870197,318.0199154719158,304.20047856702894,253.21241947972973,0.0,0,0,2,0,0,0,[],[],[]
90,20,broken,False,104.095868,30.639609,0.0,0.0,0.0,0.0,,,,0.0,5.390134254157569,False,False,False,True,False,,-1,0.0,0.0,22.230682736870197,318.0199154719158,304.20047856702894,253.21241947972973,0.0,0,0,3,0,0,0,[],[],[]
91,20,broken,False,104.095868,30.639609,0.0,0.0,0.0,0.0,,,,0.0,5.390134254157569,False,False,False,True,False,,-1,0.0,0.0,22.230682736870197,318.0199154719158,304.20047856702894,253.21241947972973,0.0,0,0,2,0,0,0,[],[],[]
92,20,broken,False,104.095868,30.639609,0.0,0.0,0.0,0.0,,,,0.0,5.390134254157569,False,False,False,True,False,,-1,0.0,0.0,22.230682736870197,318.0199154719158,304.20047856702894,253.21241947972973,0.0,0,0,3,0,0,0,[],[],[]
93,20,broken,False,104.095868,30.639609,0.0,0.0,0.0,0.0,,,,0.0,5.390134254157569,False,False,False,True,False,,-1,0.0,0.0,22.230682736870197,318.0199154719158,304.20047856702894,253.21241947972973,0.0,0,0,1,0,0,0,[],[],[]
94,20,broken,False,104.095868,30.639609,0.0,0.0,0.0,0.0,,,,0.0,5.390134254157569,False,False,False,True,False,,-1,0.0,0.0,22.230682736870197,318.0199154719158,304.20047856702894,253.21241947972973,0.0,0,0,3,0,0,0,[],[],[]
95,20,broken,False,104.095868,30.639609,0.0,0.0,0.0,0.0,,,,0.0,5.390134254157569,False,False,False,True,False,,-1,0.0,0.0,22.230682736870197,318.0199154719158,304.20047856702894,253.21241947972973,0.0,0,0,2,0,0,0,[],[],[]
96,20,broken,False,104.095868,30.639609,0.0,0.0,0.0,0.0,,,,0.0,5.390134254157569,False,False,False,True,False,,-1,0.0,0.0,22.230682736870197,318.0199154719158,304.20047856702894,253.21241947972973,0.0,0,0,1,0,0,0,[],[],[]
97,20,broken,False,104.095868,30.639609,0.0,0.0,0.0,0.0,,,,0.0,5.390134254157569,False,False,False,True,False,,-1,0.0,0.0,22.230682736870197,318.0199154719158,304.20047856702894,253.21241947972973,0.0,0,0,1,0,0,0,[],[],[]
98,20,broken,False,104.095868,30.639609,0.0,0.0,0.0,0.0,,,,0.0,5.390134254157569,False,False,False,True,False,,-1,0.0,0.0,22.230682736870197,318.0199154719158,304.20047856702894,253.21241947972973,0.0,0,0,0,0,0,0,[],[],[]
99,20,broken,False,104.095868,30.639609,0.0,0.0,0.0,0.0,,,,0.0,5.390134254157569,False,False,False,True,False,,-1,0.0,0.0,22.230682736870197,318.0199154719158,304.20047856702894,253.21241947972973,0.0,0,0,2,0,0,0,[],[],[]
100,20,broken,False,104.095868,30.639609,0.0,0.0,0.0,0.0,,,,0.0,5.390134254157569,False,False,False,True,False,,-1,0.0,0.0,22.230682736870197,318.0199154719158,304.20047856702894,253.21241947972973,0.0,0,0,0,0,0,0,[],[],[]
101,20,broken,False,104.095868,30.639609,0.0,0.0,0.0,0.0,,,,0.0,5.390134254157569,False,False,False,True,False,,-1,0.0,0.0,22.230682736870197,318.0199154719158,304.20047856702894,253.21241947972973,0.0,0,0,2,0,0,0,[],[],[]
102,20,broken,False,104.095868,30.639609,0.0,0.0,0.0,0.0,,,,0.0,5.390134254157569,False,False,False,True,False,,-1,0.0,0.0,22.230682736870197,318.0199154719158,304.20047856702894,253.21241947972973,0.0,0,0,2,0,0,0,[],[],[]
103,20,broken,False,104.095868,30.639609,0.0,0.0,0.0,0.0,,,,0.0,5.390134254157569,False,False,False,True,False,,-1,0.0,0.0,22.230682736870197,318.0199154719158,304.20047856702894,253.21241947972973,0.0,0,0,1,1,0,0,[],[],[]
104,20,broken,False,104.095868,30.639609,0.0,0.0,0.0,0.0,,,,0.0,5.390134254157569,False,False,False,True,False,,-1,0.0,0.0,22.230682736870197,318.0199154719158,304.20047856702894,253.21241947972973,0.0,0,0,3,1,0,0,[],[],[]
105,20,broken,False,104.095868,30.639609,0.0,0.0,0.0,0.0,,,,0.0,5.390134254157569,False,False,False,True,False,,-1,0.0,0.0,22.230682736870197,318.0199154719158,304.20047856702894,253.21241947972973,0.0,0,0,1,0,0,0,[],[],[]
106,20,broken,False,104.095868,30.639609,0.0,0.0,0.0,0.0,,,,0.0,5.390134254157569,False,False,False,True,False,,-1,0.0,0.0,22.230682736870197,318.0199154719158,304.20047856702894,253.21241947972973,0.0,0,0,3,0,0,0,[],[],[]
107,20,broken,False,104.095868,30.639609,0.0,0.0,0.0,0.0,,,,0.0,5.390134254157569,False,False,False,True,False,,-1,0.0,0.0,22.230682736870197,318.0199154719158,304.20047856702894,253.21241947972973,0.0,0,0,1,0,0,0,[],[],[]
108,20,broken,False,104.095868,30.639609,0.0,0.0,0.0,0.0,,,,0.0,5.390134254157569,False,False,False,True,False,,-1,0.0,0.0,22.230682736870197,318.0199154719158,304.20047856702894,253.21241947972973,0.0,0,0,0,0,0,0,[],[],[]
109,20,broken,False,104.095868,30.639609,0.0,0.0,0.0,0.0,,,,0.0,5.390134254157569,False,False,False,True,False,,-1,0.0,0.0,22.230682736870197,318.0199154719158,304.20047856702894,253.21241947972973,0.0,0,0,0,1,0,0,[],[],[]
110,20,broken,False,104.095868,30.639609,0.0,0.0,0.0,0.0,,,,0.0,5.390134254157569,False,False,False,True,False,,-1,0.0,0.0,22.230682736870197,318.0199154719158,304.20047856702894,253.21241947972973,0.0,0,0,0,1,0,0,[],[],[]
111,20,broken,False,104.095868,30.639609,0.0,0.0,0.0,0.0,,,,0.0,5.390134254157569,False,False,False,True,False,,-1,0.0,0.0,22.230682736870197,318.0199154719158,304.20047856702894,253.21241947972973,0.0,0,0,1,1,0,0,[],[],[]
112,20,broken,False,104.095868,30.639609,0.0,0.0,0.0,0.0,,,,0.0,5.390134254157569,False,False,False,True,False,,-1,0.0,0.0,22.230682736870197,318.0199154719158,304.20047856702894,253.21241947972973,0.0,0,0,1,2,0,0,[],[],[]
113,20,broken,False,104.095868,30.639609,0.0,0.0,0.0,0.0,,,,0.0,5.390134254157569,False,False,False,True,False,,-1,0.0,0.0,22.230682736870197,318.0199154719158,304.20047856702894,253.21241947972973,0.0,0,0,1,2,0,0,[],[],[]
114,20,broken,False,104.095868,30.639609,0.0,0.0,0.0,0.0,,,,0.0,5.390134254157569,False,False,False,True,False,,-1,0.0,0.0,22.230682736870197,318.0199154719158,304.20047856702894,253.21241947972973,0.0,0,0,0,4,0,0,[],[],[]
115,20,broken,False,104.095868,30.639609,0.0,0.0,0.0,0.0,,,,0.0,5.390134254157569,False,False,False,True,False,,-1,0.0,0.0,22.230682736870197,318.0199154719158,304.20047856702894,253.21241947972973,0.0,0,0,0,4,0,0,[],[],[]
116,20,broken,False,104.095868,30.639609,0.0,0.0,0.0,0.0,,,,0.0,5.390134254157569,False,False,False,True,False,,-1,0.0,0.0,22.230682736870197,318.0199154719158,304.20047856702894,253.21241947972973,0.0,0,0,4,0,0,0,[],[],[]
117,20,broken,False,104.095868,30.639609,0.0,0.0,0.0,0.0,,,,0.0,5.390134254157569,False,False,False,True,False,,-1,0.0,0.0,22.230682736870197,318.0199154719158,304.20047856702894,253.21241947972973,0.0,0,0,1,0,0,0,[],[],[]
118,20,broken,False,104.095868,30.639609,0.0,0.0,0.0,0.0,,,,0.0,5.390134254157569,False,False,False,True,False,,-1,0.0,0.0,22.230682736870197,318.0199154719158,304.20047856702894,253.21241947972973,0.0,0,0,2,0,0,0,[],[],[]
119,20,broken,False,104.095868,30.639609,0.0,0.0,0.0,0.0,,,,0.0,5.390134254157569,False,False,False,True,False,,-1,0.0,0.0,22.230682736870197,318.0199154719158,304.20047856702894,253.21241947972973,0.0,0,0,2,0,0,0,[],[],[]
120,20,broken,False,104.095868,30.639609,0.0,0.0,0.0,0.0,,,,0.0,5.390134254157569,False,False,False,True,False,,-1,0.0,0.0,22.230682736870197,318.0199154719158,304.20047856702894,253.21241947972973,0.0,0,0,1,0,0,0,[],[],[]
121,20,broken,False,104.095868,30.639609,0.0,0.0,0.0,0.0,,,,0.0,5.390134254157569,False,False,False,True,False,,-1,0.0,0.0,22.230682736870197,318.0199154719158,304.20047856702894,253.21241947972973,0.0,0,0,2,0,0,0,[],[],[]
122,20,broken,False,104.095868,30.639609,0.0,0.0,0.0,0.0,,,,0.0,5.390134254157569,False,False,False,True,False,,-1,0.0,0.0,22.230682736870197,318.0199154719158,304.20047856702894,253.21241947972973,0.0,0,0,2,0,0,0,[],[],[]
123,20,broken,False,104.095868,30.639609,0.0,0.0,0.0,0.0,,,,0.0,5.390134254157569,False,False,False,True,False,,-1,0.0,0.0,22.230682736870197,318.0199154719158,304.20047856702894,253.21241947972973,0.0,0,0,1,0,0,0,[],[],[]
124,20,broken,False,104.095868,30.639609,0.0,0.0,0.0,0.0,,,,0.0,5.390134254157569,False,False,False,True,False,,-1,0.0,0.0,22.230682736870197,318.0199154719158,304.20047856702894,253.21241947972973,0.0,0,0,1,0,0,0,[],[],[]
125,20,broken,False,104.095868,30.639609,0.0,0.0,0.0,0.0,,,,0.0,5.390134254157569,False,False,False,True,False,,-1,0.0,0.0,22.230682736870197,318.0199154719158,304.20047856702894,253.21241947972973,0.0,0,0,2,0,0,0,[],[],[]
126,20,broken,False,104.095868,30.639609,0.0,0.0,0.0,0.0,,,,0.0,5.390134254157569,False,False,False,True,False,,-1,0.0,0.0,22.230682736870197,318.0199154719158,304.20047856702894,253.21241947972973,0.0,0,0,1,0,0,0,[],[],[]
127,20,broken,False,104.095868,30.639609,0.0,0.0,0.0,0.0,,,,0.0,5.390134254157569,False,False,False,True,False,,-1,0.0,0.0,22.230682736870197,318.0199154719158,304.20047856702894,253.21241947972973,0.0,0,0,1,0,0,0,[],[],[]
128,20,broken,False,104.095868,30.639609,0.0,0.0,0.0,0.0,,,,0.0,5.390134254157569,False,False,False,True,False,,-1,0.0,0.0,22.230682736870197,318.0199154719158,304.20047856702894,253.21241947972973,0.0,0,0,1,0,0,0,[],[],[]
129,20,broken,False,104.095868,30.639609,0.0,0.0,0.0,0.0,,,,0.0,5.390134254157569,False,False,False,True,False,,-1,0.0,0.0,22.230682736870197,318.0199154719158,304.20047856702894,253.21241947972973,0.0,0,0,2,0,0,0,[],[],[]
130,20,broken,False,104.095868,30.639609,0.0,0.0,0.0,0.0,,,,0.0,5.390134254157569,False,False,False,True,False,,-1,0.0,0.0,22.230682736870197,318.0199154719158,304.20047856702894,253.21241947972973,0.0,0,0,2,0,0,0,[],[],[]
131,20,broken,False,104.095868,30.639609,0.0,0.0,0.0,0.0,,,,0.0,5.390134254157569,False,False,False,True,False,,-1,0.0,0.0,22.230682736870197,318.0199154719158,304.20047856702894,253.21241947972973,0.0,0,0,0,0,0,0,[],[],[]
132,20,broken,False,104.095868,30.639609,0.0,0.0,0.0,0.0,,,,0.0,5.390134254157569,False,False,False,True,False,,-1,0.0,0.0,22.230682736870197,318.0199154719158,304.20047856702894,253.21241947972973,0.0,0,0,0,0,0,0,[],[],[]
133,20,broken,False,104.095868,30.639609,0.0,0.0,0.0,0.0,,,,0.0,5.390134254157569,False,False,False,True,False,,-1,0.0,0.0,22.230682736870197,318.0199154719158,304.20047856702894,253.21241947972973,0.0,0,0,2,0,0,0,[],[],[]
134,20,broken,False,104.095868,30.639609,0.0,0.0,0.0,0.0,,,,0.0,5.390134254157569,False,False,False,True,False,,-1,0.0,0.0,22.230682736870197,318.0199154719158,304.20047856702894,253.21241947972973,0.0,0,0,0,0,0,0,[],[],[]
135,20,broken,False,104.095868,30.639609,0.0,0.0,0.0,0.0,,,,0.0,5.390134254157569,False,False,False,True,False,,-1,0.0,0.0,22.230682736870197,318.0199154719158,304.20047856702894,253.21241947972973,0.0,0,0,1,0,0,0,[],[],[]
136,20,broken,False,104.095868,30.639609,0.0,0.0,0.0,0.0,,,,0.0,5.390134254157569,False,False,False,True,False,,-1,0.0,0.0,22.230682736870197,318.0199154719158,304.20047856702894,253.21241947972973,0.0,0,0,0,0,0,0,[],[],[]
137,20,broken,False,104.095868,30.639609,0.0,0.0,0.0,0.0,,,,0.0,5.390134254157569,False,False,False,True,False,,-1,0.0,0.0,22.230682736870197,318.0199154719158,304.20047856702894,253.21241947972973,0.0,0,0,0,0,0,0,[],[],[]
138,20,broken,False,104.095868,30.639609,0.0,0.0,0.0,0.0,,,,0.0,5.390134254157569,False,False,False,True,False,,-1,0.0,0.0,22.230682736870197,318.0199154719158,304.20047856702894,253.21241947972973,0.0,0,0,1,0,0,0,[],[],[]
139,20,broken,False,104.095868,30.639609,0.0,0.0,0.0,0.0,,,,0.0,5.390134254157569,False,False,False,True,False,,-1,0.0,0.0,22.230682736870197,318.0199154719158,304.20047856702894,253.21241947972973,0.0,0,0,0,1,0,0,[],[],[]
140,20,broken,False,104.095868,30.639609,0.0,0.0,0.0,0.0,,,,0.0,5.390134254157569,False,False,False,True,False,,-1,0.0,0.0,22.230682736870197,318.0199154719158,304.20047856702894,253.21241947972973,0.0,0,0,1,1,0,0,[],[],[]
141,20,broken,False,104.095868,30.639609,0.0,0.0,0.0,0.0,,,,0.0,5.390134254157569,False,False,False,True,False,,-1,0.0,0.0,22.230682736870197,318.0199154719158,304.20047856702894,253.21241947972973,0.0,0,0,1,1,0,0,[],[],[]
142,20,broken,False,104.095868,30.639609,0.0,0.0,0.0,0.0,,,,0.0,5.390134254157569,False,False,False,True,False,,-1,0.0,0.0,22.230682736870197,318.0199154719158,304.20047856702894,253.21241947972973,0.0,0,0,1,1,0,0,[],[],[]
143,20,broken,False,104.095868,30.639609,0.0,0.0,0.0,0.0,,,,0.0,5.390134254157569,False,False,False,True,False,,-1,0.0,0.0,22.230682736870197,318.0199154719158,304.20047856702894,253.21241947972973,0.0,0,0,1,1,0,0,[],[],[]
144,20,broken,False,104.095868,30.639609,0.0,0.0,0.0,0.0,,,,0.0,5.390134254157569,False,False,False,True,False,,-1,0.0,0.0,22.230682736870197,318.0199154719158,304.20047856702894,253.21241947972973,0.0,0,0,2,0,0,0,[],[],[]
145,20,broken,False,104.095868,30.639609,0.0,0.0,0.0,0.0,,,,0.0,5.390134254157569,False,False,False,True,False,,-1,0.0,0.0,22.230682736870197,318.0199154719158,304.20047856702894,253.21241947972973,0.0,0,0,1,1,0,0,[],[],[]
146,20,broken,False,104.095868,30.639609,0.0,0.0,0.0,0.0,,,,0.0,5.390134254157569,False,False,False,True,False,,-1,0.0,0.0,22.230682736870197,318.0199154719158,304.20047856702894,253.21241947972973,0.0,0,0,0,1,0,0,[],[],[]
147,20,broken,False,104.095868,30.639609,0.0,0.0,0.0,0.0,,,,0.0,5.390134254157569,False,False,False,True,False,,-1,0.0,0.0,22.230682736870197,318.0199154719158,304.20047856702894,253.21241947972973,0.0,0,0,1,1,0,0,[],[],[]
148,20,broken,False,104.095868,30.639609,0.0,0.0,0.0,0.0,,,,0.0,5.390134254157569,False,False,False,True,False,,-1,0.0,0.0,22.230682736870197,318.0199154719158,304.20047856702894,253.21241947972973,0.0,0,0,1,1,0,0,[],[],[]
149,20,broken,False,104.095868,30.639609,0.0,0.0,0.0,0.0,,,,0.0,5.390134254157569,False,False,False,True,False,,-1,0.0,0.0,22.230682736870197,318.0199154719158,304.20047856702894,253.21241947972973,0.0,0,0,2,1,0,0,[],[],[]
150,20,broken,False,104.095868,30.639609,0.0,0.0,0.0,0.0,,,,0.0,5.390134254157569,False,False,False,True,False,,-1,0.0,0.0,22.230682736870197,318.0199154719158,304.20047856702894,253.21241947972973,0.0,0,0,2,1,0,0,[],[],[]
151,20,broken,False,104.095868,30.639609,0.0,0.0,0.0,0.0,,,,0.0,5.390134254157569,False,False,False,True,False,,-1,0.0,0.0,22.230682736870197,318.0199154719158,304.20047856702894,253.21241947972973,0.0,0,0,1,0,0,0,[],[],[]
152,20,broken,False,104.095868,30.639609,0.0,0.0,0.0,0.0,,,,0.0,5.390134254157569,False,False,False,True,False,,-1,0.0,0.0,22.230682736870197,318.0199154719158,304.20047856702894,253.21241947972973,0.0,0,0,2,0,0,0,[],[],[]
153,20,broken,False,104.095868,30.639609,0.0,0.0,0.0,0.0,,,,0.0,5.390134254157569,False,False,False,True,False,,-1,0.0,0.0,22.230682736870197,318.0199154719158,304.20047856702894,253.21241947972973,0.0,0,0,1,0,0,0,[],[],[]
154,20,broken,False,104.095868,30.639609,0.0,0.0,0.0,0.0,,,,0.0,5.390134254157569,False,False,False,True,False,,-1,0.0,0.0,22.230682736870197,318.0199154719158,304.20047856702894,253.21241947972973,0.0,0,0,1,0,0,0,[],[],[]
155,20,broken,False,104.095868,30.639609,0.0,0.0,0.0,0.0,,,,0.0,5.390134254157569,False,False,False,True,False,,-1,0.0,0.0,22.230682736870197,318.0199154719158,304.20047856702894,253.21241947972973,0.0,0,0,2,0,0,0,[],[],[]
156,20,broken,False,104.095868,30.639609,0.0,0.0,0.0,0.0,,,,0.0,5.390134254157569,False,False,False,True,False,,-1,0.0,0.0,22.230682736870197,318.0199154719158,304.20047856702894,253.21241947972973,0.0,0,0,1,0,0,0,[],[],[]
157,20,broken,False,104.095868,30.639609,0.0,0.0,0.0,0.0,,,,0.0,5.390134254157569,False,False,False,True,False,,-1,0.0,0.0,22.230682736870197,318.0199154719158,304.20047856702894,253.21241947972973,0.0,0,0,2,0,0,0,[],[],[]
158,20,broken,False,104.095868,30.639609,0.0,0.0,0.0,0.0,,,,0.0,5.390134254157569,False,False,False,True,False,,-1,0.0,0.0,22.230682736870197,318.0199154719158,304.20047856702894,253.21241947972973,0.0,0,0,1,0,0,0,[],[],[]
159,20,broken,False,104.095868,30.639609,0.0,0.0,0.0,0.0,,,,0.0,5.390134254157569,False,False,False,True,False,,-1,0.0,0.0,22.230682736870197,318.0199154719158,304.20047856702894,253.21241947972973,0.0,0,0,1,0,0,0,[],[],[]
160,20,broken,False,104.095868,30.639609,0.0,0.0,0.0,0.0,,,,0.0,5.390134254157569,False,False,False,True,False,,-1,0.0,0.0,22.230682736870197,318.0199154719158,304.20047856702894,253.21241947972973,0.0,0,0,2,0,0,0,[],[],[]
161,20,broken,False,104.095868,30.639609,0.0,0.0,0.0,0.0,,,,0.0,5.390134254157569,False,False,False,True,False,,-1,0.0,0.0,22.230682736870197,318.0199154719158,304.20047856702894,253.21241947972973,0.0,0,0,3,0,0,0,[],[],[]
162,20,broken,False,104.095868,30.639609,0.0,0.0,0.0,0.0,,,,0.0,5.390134254157569,False,False,False,True,False,,-1,0.0,0.0,22.230682736870197,318.0199154719158,304.20047856702894,253.21241947972973,0.0,0,0,4,0,0,0,[],[],[]
163,20,broken,False,104.095868,30.639609,0.0,0.0,0.0,0.0,,,,0.0,5.390134254157569,False,False,False,True,False,,-1,0.0,0.0,22.230682736870197,318.0199154719158,304.20047856702894,253.21241947972973,0.0,0,0,3,0,0,0,[],[],[]
164,20,broken,False,104.095868,30.639609,0.0,0.0,0.0,0.0,,,,0.0,5.390134254157569,False,False,False,True,False,,-1,0.0,0.0,22.230682736870197,318.0199154719158,304.20047856702894,253.21241947972973,0.0,0,0,2,0,0,0,[],[],[]
165,20,broken,False,104.095868,30.639609,0.0,0.0,0.0,0.0,,,,0.0,5.390134254157569,False,False,False,True,False,,-1,0.0,0.0,22.230682736870197,318.0199154719158,304.20047856702894,253.21241947972973,0.0,0,0,2,0,0,0,[],[],[]
166,20,broken,False,104.095868,30.639609,0.0,0.0,0.0,0.0,,,,0.0,5.390134254157569,False,False,False,True,False,,-1,0.0,0.0,22.230682736870197,318.0199154719158,304.20047856702894,253.21241947972973,0.0,0,0,2,0,0,0,[],[],[]
167,20,broken,False,104.095868,30.639609,0.0,0.0,0.0,0.0,,,,0.0,5.390134254157569,False,False,False,True,False,,-1,0.0,0.0,22.230682736870197,318.0199154719158,304.20047856702894,253.21241947972973,0.0,0,0,2,0,0,0,[],[],[]
168,20,broken,False,104.095868,30.639609,0.0,0.0,0.0,0.0,,,,0.0,5.390134254157569,False,False,False,True,False,,-1,0.0,0.0,22.230682736870197,318.0199154719158,304.20047856702894,253.21241947972973,0.0,0,0,3,0,0,0,[],[],[]
169,20,broken,False,104.095868,30.639609,0.0,0.0,0.0,0.0,,,,0.0,5.390134254157569,False,False,False,True,False,,-1,0.0,0.0,22.230682736870197,318.0199154719158,304.20047856702894,253.21241947972973,0.0,0,0,2,0,0,0,[],[],[]
170,20,broken,False,104.095868,30.639609,0.0,0.0,0.0,0.0,,,,0.0,5.390134254157569,False,False,False,True,False,,-1,0.0,0.0,22.230682736870197,318.0199154719158,304.20047856702894,253.21241947972973,0.0,0,0,1,0,0,0,[],[],[]
171,20,broken,False,104.095868,30.639609,0.0,0.0,0.0,0.0,,,,0.0,5.390134254157569,False,False,False,True,False,,-1,0.0,0.0,22.230682736870197,318.0199154719158,304.20047856702894,253.21241947972973,0.0,0,0,2,1,0,0,[],[],[]
172,20,broken,False,104.095868,30.639609,0.0,0.0,0.0,0.0,,,,0.0,5.390134254157569,False,False,False,True,False,,-1,0.0,0.0,22.230682736870197,318.0199154719158,304.20047856702894,253.21241947972973,0.0,0,0,1,1,0,0,[],[],[]
173,20,broken,False,104.095868,30.639609,0.0,0.0,0.0,0.0,,,,0.0,5.390134254157569,False,False,False,True,False,,-1,0.0,0.0,22.230682736870197,318.0199154719158,304.20047856702894,253.21241947972973,0.0,0,0,1,1,0,0,[],[],[]
174,20,broken,False,104.095868,30.639609,0.0,0.0,0.0,0.0,,,,0.0,5.390134254157569,False,False,False,True,False,,-1,0.0,0.0,22.230682736870197,318.0199154719158,304.20047856702894,253.21241947972973,0.0,0,0,1,0,0,0,[],[],[]
175,20,broken,False,104.095868,30.639609,0.0,0.0,0.0,0.0,,,,0.0,5.390134254157569,False,False,False,True,False,,-1,0.0,0.0,22.230682736870197,318.0199154719158,304.20047856702894,253.21241947972973,0.0,0,0,3,0,0,0,[],[],[]
176,20,broken,False,104.095868,30.639609,0.0,0.0,0.0,0.0,,,,0.0,5.390134254157569,False,False,False,True,False,,-1,0.0,0.0,22.230682736870197,318.0199154719158,304.20047856702894,253.21241947972973,0.0,0,0,4,0,0,0,[],[],[]
177,20,broken,False,104.095868,30.639609,0.0,0.0,0.0,0.0,,,,0.0,5.390134254157569,False,False,False,True,False,,-1,0.0,0.0,22.230682736870197,318.0199154719158,304.20047856702894,253.21241947972973,0.0,0,0,4,0,0,0,[],[],[]
178,20,broken,False,104.095868,30.639609,0.0,0.0,0.0,0.0,,,,0.0,5.390134254157569,False,False,False,True,False,,-1,0.0,0.0,22.230682736870197,318.0199154719158,304.20047856702894,253.21241947972973,0.0,0,0,3,1,0,0,[],[],[]
179,20,broken,False,104.095868,30.639609,0.0,0.0,0.0,0.0,,,,0.0,5.390134254157569,False,False,False,True,False,,-1,0.0,0.0,22.230682736870197,318.0199154719158,304.20047856702894,253.21241947972973,0.0,0,0,3,1,0,0,[],[],[]
180,20,broken,False,104.095868,30.639609,0.0,0.0,0.0,0.0,,,,0.0,5.390134254157569,False,False,False,True,False,,-1,0.0,0.0,22.230682736870197,318.0199154719158,304.20047856702894,253.21241947972973,0.0,0,0,5,0,0,0,[],[],[]
181,20,broken,False,104.095868,30.639609,0.0,0.0,0.0,0.0,,,,0.0,5.390134254157569,False,False,False,True,False,,-1,0.0,0.0,22.230682736870197,318.0199154719158,304.20047856702894,253.21241947972973,0.0,0,0,5,0,0,0,[],[],[]
182,20,broken,False,104.095868,30.639609,0.0,0.0,0.0,0.0,,,,0.0,5.390134254157569,False,False,False,True,False,,-1,0.0,0.0,22.230682736870197,318.0199154719158,304.20047856702894,253.21241947972973,0.0,0,0,5,0,0,0,[],[],[]
183,20,broken,False,104.095868,30.639609,0.0,0.0,0.0,0.0,,,,0.0,5.390134254157569,False,False,False,True,False,,-1,0.0,0.0,22.230682736870197,318.0199154719158,304.20047856702894,253.21241947972973,0.0,0,0,5,0,0,0,[],[],[]
184,20,broken,False,104.095868,30.639609,0.0,0.0,0.0,0.0,,,,0.0,5.390134254157569,False,False,False,True,False,,-1,0.0,0.0,22.230682736870197,318.0199154719158,304.20047856702894,253.21241947972973,0.0,0,0,0,0,0,0,[],[],[]
185,20,broken,False,104.095868,30.639609,0.0,0.0,0.0,0.0,,,,0.0,5.390134254157569,False,False,False,True,False,,-1,0.0,0.0,22.230682736870197,318.0199154719158,304.20047856702894,253.21241947972973,0.0,0,0,0,0,0,0,[],[],[]
186,20,broken,False,104.095868,30.639609,0.0,0.0,0.0,0.0,,,,0.0,5.390134254157569,False,False,False,True,False,,-1,0.0,0.0,22.230682736870197,318.0199154719158,304.20047856702894,253.21241947972973,0.0,0,0,0,0,0,0,[],[],[]
187,20,broken,False,104.095868,30.639609,0.0,0.0,0.0,0.0,,,,0.0,5.390134254157569,False,False,False,True,False,,-1,0.0,0.0,22.230682736870197,318.0199154719158,304.20047856702894,253.21241947972973,0.0,0,0,0,0,0,0,[],[],[]
188,20,broken,False,104.095868,30.639609,0.0,0.0,0.0,0.0,,,,0.0,5.390134254157569,False,False,False,True,False,,-1,0.0,0.0,22.230682736870197,318.0199154719158,304.20047856702894,253.21241947972973,0.0,0,0,0,0,0,0,[],[],[]
189,20,broken,False,104.095868,30.639609,0.0,0.0,0.0,0.0,,,,0.0,5.390134254157569,False,False,False,True,False,,-1,0.0,0.0,22.230682736870197,318.0199154719158,304.20047856702894,253.21241947972973,0.0,0,0,0,0,0,0,[],[],[]
190,20,broken,False,104.095868,30.639609,0.0,0.0,0.0,0.0,,,,0.0,5.390134254157569,False,False,False,True,False,,-1,0.0,0.0,22.230682736870197,318.0199154719158,304.20047856702894,253.21241947972973,0.0,0,0,0,0,0,0,[],[],[]
191,20,broken,False,104.095868,30.639609,0.0,0.0,0.0,0.0,,,,0.0,5.390134254157569,False,False,False,True,False,,-1,0.0,0.0,22.230682736870197,318.0199154719158,304.20047856702894,253.21241947972973,0.0,0,0,0,0,0,0,[],[],[]
192,20,broken,False,104.095868,30.639609,0.0,0.0,0.0,0.0,,,,0.0,5.390134254157569,False,False,False,True,False,,-1,0.0,0.0,22.230682736870197,318.0199154719158,304.20047856702894,253.21241947972973,0.0,0,0,0,0,0,0,[],[],[]
193,20,broken,False,104.095868,30.639609,0.0,0.0,0.0,0.0,,,,0.0,5.390134254157569,False,False,False,True,False,,-1,0.0,0.0,22.230682736870197,318.0199154719158,304.20047856702894,253.21241947972973,0.0,0,0,0,0,0,0,[],[],[]
194,20,broken,False,104.095868,30.639609,0.0,0.0,0.0,0.0,,,,0.0,5.390134254157569,False,False,False,True,False,,-1,0.0,0.0,22.230682736870197,318.0199154719158,304.20047856702894,253.21241947972973,0.0,0,0,0,0,0,0,[],[],[]
195,20,broken,False,104.095868,30.639609,0.0,0.0,0.0,0.0,,,,0.0,5.390134254157569,False,False,False,True,False,,-1,0.0,0.0,22.230682736870197,318.0199154719158,304.20047856702894,253.21241947972973,0.0,0,0,0,0,0,0,[],[],[]
196,20,broken,False,104.095868,30.639609,0.0,0.0,0.0,0.0,,,,0.0,5.390134254157569,False,False,False,True,False,,-1,0.0,0.0,22.230682736870197,318.0199154719158,304.20047856702894,253.21241947972973,0.0,0,0,0,0,0,0,[],[],[]
197,20,broken,False,104.095868,30.639609,0.0,0.0,0.0,0.0,,,,0.0,5.390134254157569,False,False,False,True,False,,-1,0.0,0.0,22.230682736870197,318.0199154719158,304.20047856702894,253.21241947972973,0.0,0,0,0,0,0,0,[],[],[]
198,20,broken,False,104.095868,30.639609,0.0,0.0,0.0,0.0,,,,0.0,5.390134254157569,False,False,False,True,False,,-1,0.0,0.0,22.230682736870197,318.0199154719158,304.20047856702894,253.21241947972973,0.0,0,0,0,0,0,0,[],[],[]
199,20,broken,False,104.095868,30.639609,0.0,0.0,0.0,0.0,,,,0.0,5.390134254157569,False,False,False,True,False,,-1,0.0,0.0,22.230682736870197,318.0199154719158,304.20047856702894,253.21241947972973,0.0,0,0,0,0,0,0,[],[],[]
200,20,broken,False,104.095868,30.639609,0.0,0.0,0.0,0.0,,,,0.0,5.390134254157569,False,False,False,True,False,,-1,0.0,0.0,22.230682736870197,318.0199154719158,304.20047856702894,253.21241947972973,0.0,0,0,0,0,0,0,[],[],[]
