step,num_iev,num_quasi,num_charging,num_success,num_fail,num_idle_mcs,num_task_mcs,num_broken_mcs,num_avail_fcs,num_busy_fcs
1,4,270,5,0,0,8,2,0,5,0
2,3,270,6,0,0,7,3,0,5,0
3,3,270,6,0,0,7,3,0,5,0
4,3,270,6,0,0,7,3,0,5,0
5,0,270,5,1,3,8,2,0,5,0
6,1,268,6,1,3,7,3,0,5,0
7,1,268,5,2,3,7,3,0,5,0
8,2,267,3,4,3,8,2,0,5,0
9,2,267,2,5,3,9,1,0,5,0
10,2,267,2,5,3,9,1,0,5,0
11,1,266,2,6,4,8,2,0,5,0
12,0,266,2,7,4,8,2,0,5,0
13,0,266,2,7,4,8,2,0,5,0
14,0,266,2,7,4,8,2,0,5,0
15,0,266,2,7,4,8,2,0,5,0
16,0,265,3,7,4,7,3,0,5,0
17,0,264,4,7,4,7,3,0,5,0
18,1,262,4,8,4,7,3,0,5,0
19,1,262,4,8,4,7,3,0,5,0
20,2,261,3,9,4,8,2,0,5,0
21,2,261,3,9,4,8,2,0,5,0
22,2,259,5,9,4,7,3,0,5,0
23,1,259,4,10,5,8,2,0,5,0
24,2,258,3,11,5,8,2,0,5,0
25,0,256,5,12,6,6,4,0,5,0
26,0,256,5,12,6,6,4,0,5,0
27,0,255,6,12,6,6,4,0,5,0
28,1,252,8,12,6,5,5,0,5,0
29,0,252,7,14,6,6,4,0,5,0
30,2,247,9,15,6,4,6,0,5,0
31,2,245,10,16,6,4,6,0,5,0
32,3,242,10,18,6,5,5,0,5,0
33,3,240,12,18,6,4,6,0,5,0
34,3,240,10,20,6,5,5,0,5,0
35,3,239,10,20,7,5,5,0,5,0
36,3,235,12,21,8,3,7,0,5,0
37,2,235,9,25,8,4,6,0,5,0
38,2,233,8,28,8,5,5,0,5,0
39,2,233,6,30,8,5,5,0,5,0
40,3,230,8,30,8,4,6,0,5,0
41,1,228,10,30,10,2,8,0,5,0
42,2,225,11,31,10,3,7,0,5,0
43,2,223,11,33,10,4,6,0,5,0
44,4,220,11,34,10,4,5,0,4,1
45,2,220,12,34,11,4,5,0,4,1
46,3,217,13,35,11,5,4,0,4,1
47,2,215,11,39,12,4,4,0,3,2
48,2,214,8,43,12,7,2,0,4,1
49,1,212,8,45,13,7,2,0,5,0
50,0,212,9,45,13,7,2,0,4,1
51,1,210,9,46,13,8,2,0,5,0
52,1,209,9,47,13,7,3,0,5,0
53,1,206,9,50,13,6,4,0,5,0
54,1,205,8,52,13,7,3,0,5,0
55,4,200,9,53,13,6,4,0,5,0
56,4,197,10,54,14,6,4,0,5,0
57,5,190,16,54,14,4,6,0,3,2
58,6,186,18,55,14,3,7,0,2,3
59,8,183,16,58,14,4,6,0,4,1
60,5,183,16,58,17,4,6,0,4,1
61,5,180,13,63,18,6,4,0,5,0
62,3,179,11,67,19,6,4,0,5,0
63,3,177,8,71,20,7,3,0,4,1
64,2,176,8,72,21,7,2,0,4,1
65,3,175,6,74,21,7,2,0,5,0
66,3,173,6,75,22,7,2,0,5,0
67,4,171,5,77,22,8,1,0,5,0
68,4,167,7,78,23,9,1,0,5,0
69,6,162,10,78,23,7,3,0,5,0
70,5,162,8,80,24,6,3,0,5,0
71,6,159,8,81,25,6,3,0,5,0
72,4,157,11,81,26,5,4,0,4,1
73,2,156,13,81,27,5,4,0,4,1
74,2,154,10,86,27,7,3,0,5,0
75,2,153,9,88,27,8,2,0,5,0
76,3,149,9,89,29,7,3,0,5,0
77,3,148,8,91,29,8,2,0,5,0
78,4,146,7,93,29,8,2,0,5,0
79,4,143,6,97,29,4,4,0,5,0
80,5,141,6,98,29,4,3,0,5,0
81,2,139,8,98,32,1,5,0,5,0
82,4,135,7,101,32,3,3,0,3,2
83,7,129,9,102,32,5,3,0,3,2
84,8,126,10,103,32,3,4,0,4,1
85,7,123,12,104,33,3,5,0,3,2
86,6,122,8,109,34,5,3,0,5,0
87,5,120,9,110,35,5,3,0,4,1
88,3,118,8,112,38,8,2,0,5,0
89,1,117,11,112,38,6,3,0,4,1
90,2,116,8,115,38,7,2,0,4,1
91,2,115,6,118,38,7,2,0,5,0
92,1,115,5,119,39,5,2,1,5,0
93,2,113,5,120,39,5,2,2,5,0
94,1,111,5,123,39,6,1,2,5,0
95,2,110,4,124,39,6,0,2,5,0
96,2,107,7,124,39,6,1,2,4,1
97,2,107,6,125,39,5,1,2,4,1
98,1,106,6,127,39,4,2,2,4,1
99,2,104,5,129,39,5,2,2,5,0
100,4,101,5,130,39,6,1,2,5,0
101,5,97,7,131,39,5,2,2,5,0
102,4,96,8,132,39,3,3,2,4,1
103,5,92,9,134,39,3,3,2,3,2
104,5,88,10,135,41,1,4,2,3,2
105,4,86,10,137,42,2,4,2,3,2
106,3,84,10,140,42,3,4,2,3,2
107,3,80,12,141,43,1,6,2,3,2
108,10,72,8,145,44,4,4,2,4,1
109,8,70,10,147,44,1,5,2,4,1
110,10,68,6,151,44,3,3,2,5,0
111,10,66,5,154,44,4,1,2,4,1
112,9,64,6,155,45,4,1,2,5,0
113,6,61,6,157,49,6,1,2,4,1
114,7,58,6,159,49,7,0,2,4,1
115,7,57,6,159,50,6,0,2,3,2
116,3,56,7,161,52,4,1,3,4,1
117,1,55,7,163,53,3,1,3,4,1
118,2,54,4,166,53,3,1,3,5,0
119,2,52,3,168,54,6,0,3,5,0
120,2,50,3,170,54,4,1,3,5,0
121,1,50,4,170,54,4,2,3,5,0
122,1,49,3,172,54,3,3,3,5,0
123,1,47,4,173,54,2,4,3,5,0
124,3,44,3,174,55,3,3,3,5,0
125,3,41,5,175,55,2,4,3,5,0
126,3,40,4,177,55,4,2,3,5,0
127,2,39,4,179,55,4,1,3,5,0
128,2,38,5,179,55,5,1,3,5,0
129,2,36,3,181,57,4,1,3,5,0
130,3,34,3,182,57,3,2,3,5,0
131,2,33,3,184,57,5,1,3,5,0
132,1,32,4,185,57,5,1,3,5,0
133,1,32,4,185,57,5,1,3,5,0
134,1,30,3,188,57,5,0,4,5,0
135,0,29,3,189,58,5,0,4,5,0
136,0,29,2,190,58,5,0,4,5,0
137,0,29,1,191,58,6,0,4,5,0
138,0,28,1,192,58,6,0,4,5,0
139,0,27,2,192,58,5,1,4,5,0
140,0,25,4,192,58,5,1,4,5,0
141,0,25,4,192,58,5,1,4,5,0
142,0,24,1,196,58,5,0,4,5,0
143,0,24,1,196,58,5,0,4,5,0
144,1,22,2,196,58,3,1,4,5,0
145,1,22,1,197,58,3,1,4,5,0
146,1,21,1,198,58,4,0,4,5,0
147,1,21,1,198,58,4,0,4,5,0
148,1,19,3,198,58,5,0,4,5,0
149,1,18,4,198,58,4,1,4,5,0
150,1,18,2,200,58,5,1,4,5,0
151,1,17,1,202,58,6,0,4,5,0
152,1,16,2,202,58,5,1,4,5,0
153,0,16,2,202,59,5,1,4,5,0
154,0,16,1,203,59,6,0,4,5,0
155,0,16,0,204,59,6,0,4,5,0
156,0,16,0,204,59,6,0,4,5,0
157,0,15,1,204,59,6,0,4,5,0
158,2,12,2,204,59,5,0,4,5,0
159,1,11,2,206,59,4,1,4,5,0
160,1,10,3,206,59,3,2,4,5,0
161,1,9,2,208,59,3,2,4,5,0
162,1,9,1,209,59,5,1,4,5,0
163,0,9,0,210,60,6,0,4,5,0
164,1,7,1,210,60,5,1,4,5,0
165,1,7,0,211,60,6,0,4,5,0
166,1,7,0,211,60,6,0,4,5,0
167,1,7,0,211,60,6,0,4,5,0
168,1,7,0,211,60,6,0,4,5,0
169,0,7,0,211,61,6,0,4,5,0
170,0,7,0,211,61,6,0,4,5,0
171,1,6,0,211,61,6,0,4,5,0
172,1,4,2,211,61,6,0,4,5,0
173,1,3,2,212,61,5,1,4,5,0
174,1,3,1,213,61,5,1,4,5,0
175,1,3,0,214,61,6,0,4,5,0
176,1,3,0,214,61,6,0,4,5,0
177,0,3,0,214,62,6,0,4,5,0
178,0,3,0,214,62,6,0,4,5,0
179,0,3,0,214,62,5,0,4,5,0
180,0,3,0,214,62,5,0,4,5,0
181,0,3,0,214,62,5,0,4,5,0
182,0,3,0,214,62,5,0,4,5,0
183,0,3,0,214,62,5,0,4,5,0
184,0,3,0,214,62,5,0,4,5,0
185,0,2,1,214,62,5,0,4,5,0
186,0,2,0,215,62,5,0,4,5,0
187,1,1,0,215,62,6,0,4,5,0
188,0,1,1,215,62,6,0,4,5,0
189,0,0,2,215,62,6,0,4,5,0
190,0,0,0,217,62,6,0,4,5,0
191,0,0,0,217,62,6,0,4,5,0
192,0,0,0,217,62,6,0,4,5,0
193,0,0,0,217,62,6,0,4,5,0
194,0,0,0,217,62,6,0,4,5,0
195,0,0,0,217,62,6,0,4,5,0
196,0,0,0,217,62,6,0,4,5,0
197,0,0,0,217,62,6,0,4,5,0
198,0,0,0,217,62,6,0,4,5,0
199,0,0,0,217,62,6,0,4,5,0
200,0,0,0,217,62,6,0,4,5,0
