episode_reward,steps,charged_success,charged_fail,arrived,success_rate,avg_mcs_reward,avg_iev_reward,n_buffer,n_mcs_actions,n_iev_actions,high_loss,low_loss,iev_loss,value_loss,entropy,total_loss,episode
-0.56630944732944,50,2,10,0,0.16666666666666666,0.21929832152510467,-0.08709951233808272,105,28,77,-1.007612521449725,-1.5002787013848622,0.3700811465581258,0.4420819878578186,1.139731678697798,-1.3516703049341838,1
13.880659681134373,100,6,4,0,0.6,0.1799858004386408,0.02418214434772685,123,70,53,-0.24873599534233412,-0.7296736339728037,0.4137953196962674,0.23956583440303802,0.7028723425335355,-0.28689223527908325,2
6.0256221398562895,72,4,8,0,0.3333333333333333,0.23012729407151594,-0.06984042086067624,107,45,62,-0.4097362911949555,-0.9202857340375582,0.28500020457431674,0.3737274706363678,1.0681143866644964,-0.5405153206083924,3
4.690463530407675,98,7,8,0,0.4666666666666667,0.19697373072684826,-0.12984066714944234,130,66,64,-0.3809436590100328,-0.6167328582731508,0.3635100974390904,0.6969079971313477,0.7082267132672403,-0.1591010408613892,4
8.86806808421321,53,7,3,0,0.7,0.23060098287827147,-0.04123790846550741,75,44,31,-0.3712698337104585,-0.5061696742971739,0.3919715608159701,0.6424366235733032,1.1417284431280914,-0.1071505786644088,5
12.358866866155568,61,2,6,0,0.25,0.30924931117048843,-0.02151901423010201,102,44,58,-0.6941044628620148,-0.8734369874000549,0.4765736944973469,0.582814633846283,0.9542836041914092,-0.6011287923902273,6
14.796363778179032,55,5,5,0,0.5,0.37279209875118885,0.004857960884578733,92,39,53,-0.4972596748007668,-0.8780645761224959,0.3600811113913854,1.1123878955841064,0.9929116070270538,-0.2000574593742689,7
11.318844725804238,71,3,9,0,0.25,0.24916014929073546,-0.06166541802129699,134,63,71,-0.7453422009944916,-1.2477681398391725,0.5921306033929189,0.9017069935798645,0.7770596788989172,-0.622307472427686,8
31.41090857193706,100,8,4,0,0.6666666666666666,0.20384781210799616,0.00990793329120078,195,152,43,-0.10713174158618563,-0.1574612460320904,0.4712077520787716,0.8269237279891968,0.5891418034030548,0.4632033754317534,9
43.3265982287495,100,12,2,0,0.8571428571428571,0.24971833326881124,0.2004441202976203,181,143,38,-0.06197290371185065,-0.3549814625746674,0.2868127383084761,2.8622565269470215,0.8918812755081389,1.3350709976285644,10
-15.127248971286956,100,9,6,0,0.6,-0.0334856908350236,-0.14025959339345462,270,213,57,-0.02413684860975654,0.35427105157739586,-0.03722268046328315,4.582536697387695,1.1277889452966643,2.4256556856411473,11
41.08650015106931,100,10,1,0,0.9090909090909091,0.23121583905565782,0.2700072674285334,173,145,28,-0.11125455646672183,-0.16034353774092677,0.45126544465036955,2.5216808319091797,0.8422373985906817,1.2950468129425894,12
41.00402125662928,100,9,4,0,0.6923076923076923,0.13569402366168118,0.02762732694836983,342,292,50,-0.04600605899185845,-0.19568811839615757,0.3238870727363974,2.096078872680664,0.8925578563797231,1.0661328545185935,13
39.55111888739242,100,12,3,0,0.8,0.1642291849768228,0.08337040412716999,262,219,43,-0.06852926865771965,-0.7687687719309771,0.39442267569784933,3.8616280555725098,0.9445265958085656,1.6751117110119713,14
70.64574620299427,100,12,0,1,1.0,0.2702941562916688,0.3309510816079067,258,243,15,0.011835041261898974,-0.17527383234765795,0.7861125469207764,6.759285926818848,0.7621178492291333,3.696897361957882,15
10.780497065374345,100,12,2,0,0.8571428571428571,0.024238087217522578,0.1369263137483868,296,264,32,0.0437315775702397,-0.9947200705607732,-0.3445332868507615,0.38657382130622864,0.7214786589745132,-0.4326081904824133,16
34.63082226085042,100,13,1,0,0.9285714285714286,0.08198433540066187,0.33828496115721446,338,311,27,0.008152839808837709,-0.07967607398115267,-0.1865373144823092,2.5142128467559814,0.9405743396009809,1.1321525689550975,17
-11.319939734303583,100,10,3,0,0.7692307692307693,-0.03942233222034996,-0.0014837728334007037,342,285,57,-0.01036292701169397,0.04997949427783941,-0.06461101548153568,2.3262524604797363,0.7943610261862326,1.145447542626326,18
68.20685952688545,100,12,2,0,0.8571428571428571,0.22893675912917652,0.01676288959445884,335,295,40,-0.0314234408945071,-0.49867856843488745,0.24759853194700554,7.765659809112549,0.8554688605422878,3.7258664454178265,19
26.761830479422613,100,10,5,0,0.6666666666666666,0.09303634484491083,0.0012079901786616804,337,287,50,-0.038020064078437193,-0.18093724088799773,0.2098822178262653,2.283928871154785,0.7292956824254508,1.1184168599680893,20
11.127947379171912,100,12,2,2,0.8571428571428571,0.04329841207596719,-0.042209564882858194,336,296,40,-0.031682258348375784,-0.3363851540242181,0.10201010393035231,1.5255675315856934,0.9923771572007676,0.613913982397538,21
31.192684688621174,78,10,1,0,0.9090909090909091,0.1812126722062376,0.3105927966477066,150,119,31,0.003212908903757731,-0.0041296429932117466,-0.016723612773542604,1.3600363731384277,0.8629694380693965,0.6728044675895944,22
13.139258038340309,52,6,2,0,0.75,0.1046010942399825,0.18134345057490578,97,58,39,-0.04235027153044939,-0.043081938102841374,-0.2089729688384316,0.7555426359176636,1.157408293216459,0.2093935929577459,23
28.077336896612294,77,9,1,0,0.9,0.14296197091010904,0.21886611442330048,181,152,29,-0.03684437519405037,-0.036549448423708476,0.2128872329162227,3.7844595909118652,0.9744853772291983,1.9435543125081394,24
-38.21512173384675,52,0,8,0,0.0,-0.1720817838635855,-0.17660240770988864,220,141,79,0.19911335319990203,0.1985335075074718,-0.5734472557281455,9.276228904724121,1.0654945512346568,4.649770931451625,25
27.48860323873781,100,10,3,0,0.7692307692307693,0.0789191394349534,0.15240200443578258,312,273,39,0.06541471729675928,-0.7325068001945814,-0.44919322344607543,1.1209166049957275,0.842710145262324,0.035023007974294695,26
41.87381049942654,100,11,2,0,0.8461538461538461,0.14661241027377878,0.11377526752254749,293,260,33,-0.19420953379400696,-0.1945532823476242,1.0834446837162148,1.745741367340088,0.806795981377782,1.1231068505603323,27
38.07088388080026,100,11,2,1,0.8461538461538461,0.09751064028586531,0.16168655794509743,372,344,28,-0.017105884436104033,-0.5930877890851762,0.20791311090191206,1.765110969543457,0.8447202037216405,0.6728622612439924,28
71.2220853395267,100,10,3,0,0.7692307692307693,0.23674839352431437,-0.0757937324627298,351,313,38,-0.11981539129082,-0.135104856171617,1.0196073092520237,4.8230977058410645,0.8736776267558488,2.7339846881699157,29
67.35277990139764,81,8,2,0,0.8,0.3625060392002091,0.14813633380353702,213,167,46,-0.10519738017492705,-0.10630580085507106,0.4005410174528758,7.75343132019043,0.9002018288324868,3.9186358882191903,30
-30.075766173620256,100,9,6,0,0.6,-0.08771777792302321,0.04730256207769239,446,379,67,0.004166492126907022,0.18297562502890027,-0.7319023658831915,9.985723495483398,0.8459322887605855,4.72256486944146,31
50.03303006469153,100,14,1,0,0.9333333333333333,0.1320123919727554,0.17886625709267698,368,337,31,-0.03007873492768138,-0.6869717417284846,0.3851233567111194,4.806312561035156,0.9330618671105746,2.222153353081214,32
87.03997256213361,100,10,1,1,0.9090909090909091,0.22781009407872782,0.15242395018780244,392,362,30,-0.12783668914403862,-0.12892057142483118,1.2645679712295532,10.114267349243164,0.6370665005004382,5.497120685379905,33
24.1924342799035,100,10,2,0,0.8333333333333334,0.05580431999539051,0.13304234805239476,392,362,30,-0.05203918779630047,-1.1205331006875405,0.3294321985708343,0.7828696966171265,0.9280550330387134,-0.05615479054609035,34
46.39754746219721,100,13,0,0,1.0,0.11323120490151656,0.19819705872969343,391,366,25,0.022223973399004303,-0.7454680120333647,-0.31979599137875164,2.505955219268799,0.6810744959894605,0.7425695813273455,35
43.07565448284262,100,10,3,0,0.7692307692307693,0.10654873113447867,0.05389868024459651,428,380,48,-0.036897742322513034,-0.03924040780180976,0.09365420519351596,6.555301666259766,0.7950997661054136,3.2679599895032228,36
10.74161831971728,45,3,4,0,0.42857142857142855,0.25841782672528235,-0.08476772674769388,100,56,44,-0.567545972764492,-0.5670258676012357,0.6492980405688286,3.89787220954895,0.9981748538146562,1.4225262184937795,37
72.15540894791744,78,8,1,0,0.8888888888888888,0.3077142916378219,0.18013001535495848,249,214,35,-0.11008172664636125,-0.11229891004040837,0.6298099157089988,9.434250831604004,0.8530669799527257,4.865799191989936,38
21.04394368362218,100,11,3,0,0.7857142857142857,0.051235178226894454,0.14539973088760785,317,266,51,-0.05924959344168504,-0.4784353870898485,0.334008335104833,0.9337939023971558,0.7608290699621042,0.3354338317643851,39
27.785246303209103,100,12,2,0,0.8571428571428571,0.10815145542544458,0.010492554171530912,284,254,30,-0.09330522155182229,-1.0216165372618922,0.7531336197257041,1.5246150493621826,0.9114104129279716,0.534760844361175,40
63.70521836022547,100,13,0,0,1.0,0.1547134976434754,0.29879054159084023,395,377,18,-0.03459450591785403,-0.24095921151083297,0.5020230131016837,5.349369049072266,0.6007229739400961,2.770621919413704,41
52.63379483520404,100,13,1,0,0.9285714285714286,0.20683249551795121,0.154975098870394,263,229,34,-0.05389767486809029,-0.538839762961423,0.44586032008131343,8.926309585571289,0.9196929975759047,4.3627673964775,42
45.962753271885084,100,10,5,0,0.6666666666666666,0.15165324265106422,0.06938254486913012,334,277,57,-0.12859920358680416,-0.38418224363616016,0.7609483308412812,1.5279098749160767,0.7790081686330865,0.8237387774737948,43
31.36582200457481,100,12,3,0,0.8,0.07871244561578432,0.08574849654758711,395,356,39,0.009284546837592736,-1.0990549128454847,-0.11888426820420332,1.3075733184814453,0.9909093271778978,0.05410161555347137,44
4.787871300937012,54,3,2,0,0.6,0.04671529338791417,-0.054069018672420165,178,143,35,0.08477454624759655,0.08483095547287828,-0.3462591635830262,9.230513572692871,1.0366674135131586,4.569317228538958,45
11.032804389804955,100,10,2,0,0.8333333333333334,0.014340838424437615,0.15706402165634292,421,386,35,0.003512951855858167,0.0031178761495365983,-0.0527605219071524,5.433491230010986,0.6224750707449858,2.6954372439825436,46
35.19112078738685,75,9,0,0,1.0,0.11706081859675557,0.24115630485858267,272,245,27,-0.02973566590635865,-0.030563985583958803,0.2021074488759041,3.7010738849639893,0.8164796821501912,1.9065730082216086,47
61.20908348136605,100,14,0,0,1.0,0.2535071406441042,0.26617506225724435,240,211,29,-0.0786986937164329,-0.41019464532534283,0.5756362670141718,10.98607063293457,0.9490903993596284,5.497057433595267,48
75.29581453276323,100,9,2,0,0.8181818181818182,0.24963580525980805,-0.024835042653135,350,306,44,-0.1282694884152575,-0.13081519381199597,0.8541805918418592,5.662456512451172,0.7716617683889633,3.06464146682526,49
104.33180641549244,100,12,1,0,0.9230769230769231,0.3109217058165142,0.0965368242683918,359,325,34,-0.11171363186763807,-0.11176153604820785,1.069412868582841,11.89838695526123,0.6624489845841058,6.316305512030294,50
43.59240364326705,100,12,2,0,0.8571428571428571,0.11902338309760463,0.15016530504219838,355,312,43,-0.058976697179281876,-0.404502733776878,0.24086219538003206,3.78251576423645,0.8663441540806421,1.7504609157405202,51
21.32387234043735,100,12,2,0,0.8571428571428571,0.06191429910222236,0.022438901016258183,368,331,37,-0.01923054931426628,-1.0954246486847599,0.09844249795590128,1.3629926443099976,0.9737126606943034,0.16377469747630324,52
13.987325673921081,100,11,4,0,0.7333333333333333,0.08035929300718063,-0.17104648157692873,343,289,54,-0.033214101320922826,-0.6357757937388889,0.16961255807175554,0.7041518092155457,0.7361136846234928,0.08578018545328331,53
38.9166533374938,100,11,3,1,0.7857142857142857,0.14543553970149561,-0.12608930313716393,346,304,42,-0.18699388352758956,-0.18732548183338207,1.385300796140324,2.5104918479919434,0.6519632058199307,1.667239697621853,54
69.33089956815863,100,10,3,0,0.7692307692307693,0.17667977181971006,0.0878852895933538,410,375,35,-0.03573333806632899,-0.03692876164896939,0.35955822709444407,4.547967910766602,0.8320696018109827,2.399565350039709,55
51.16305945862889,100,11,3,0,0.7857142857142857,0.18475109718096885,0.013201434903495728,315,274,41,-0.12108615647690991,-0.12177908235850433,0.7904566767914541,3.5017964839935303,0.6586850907161748,1.96415088273633,56
53.47873669948495,100,13,0,0,1.0,0.12608273586880714,0.21260526390402645,407,382,25,-0.03440636747743552,-0.03581602485754933,0.22035562735460795,6.291143417358398,0.7145840475331405,3.203435142450293,57
39.95505809125625,100,12,2,0,0.8571428571428571,0.13489939637371845,-0.002559596086932698,340,297,43,-0.11223264703541204,-0.29194871054002736,0.7432117091886925,1.8532778024673462,0.5900519978080998,1.0400377535225935,58
36.52194421222387,100,10,3,0,0.7692307692307693,0.15434614940499225,0.012158508714362248,279,233,46,-0.12942765125383934,-0.2763688986327637,0.6814621775238602,5.143947601318359,0.7904157491090397,2.6450927888508886,59
44.95324436715626,100,13,0,0,1.0,0.15257662521641815,0.3492796913325253,274,258,16,-0.05066140487583147,-0.05547531289522777,0.7303389459848404,3.9814884662628174,0.6703900705085685,2.2775146448003833,60
33.941960123463566,100,10,3,0,0.7692307692307693,0.08971853103044895,0.07116825995140387,387,345,42,-0.0019381967349312245,-0.7188209005807703,0.21479117011444437,1.4387837648391724,0.8742287073276073,0.465438820451492,61
68.72534707597765,100,11,3,0,0.7857142857142857,0.24237081832947124,-0.03633000557137223,333,290,43,-0.23158718240808934,-0.23695850797230378,1.5574651211500168,5.907024383544922,0.6541440103070012,3.382178315953228,62
47.208455951300266,100,14,0,0,1.0,0.10482365782658712,0.37289758627634567,412,397,15,-0.013020774194349846,-0.013550276772525066,0.3260106178266661,2.497799873352051,0.48719771440252924,1.392109333008746,63
34.82092656964991,71,6,3,0,0.6666666666666666,0.20714374329133742,0.0629259922522005,205,152,53,-0.1529967890653227,-0.16221925696091993,0.4198816085145587,5.190247535705566,0.7973517977331382,2.5709581545642797,64
49.40111594140495,100,12,2,0,0.8571428571428571,0.1862887463187637,-0.01024179774863204,300,267,33,-0.11887815583419675,-0.17003295561298729,1.0982888658841452,3.244110584259033,0.7544922688600815,1.967305091430899,65
89.37562279086862,100,12,2,1,0.8571428571428571,0.2631333456716423,0.1375467763851827,364,313,51,-0.17577909978313577,-0.17777838181549063,1.148554360287057,6.59797477722168,0.6214116268243677,3.6085962780634873,66
79.59836312278294,100,11,2,0,0.8461538461538461,0.22257557350835902,0.03911753899501725,384,352,32,-0.14797620847821236,-0.1491889333507667,1.6422981339342453,5.962430477142334,0.5823627773360437,3.5797936303846942,67
24.035452586952097,100,11,3,0,0.7857142857142857,0.05843719695279772,0.08284789843045637,390,339,51,-0.017099362690574847,-0.6199885239967933,0.26477454459437955,0.5227698087692261,0.8295368746830487,0.06667855199283135,68
49.260713697442284,100,11,1,0,0.9166666666666666,0.1433137511440979,0.2596351647222047,321,293,28,0.0037010499544328813,-0.21729415542358765,0.32666204946822136,1.4894449710845947,0.7043681755467528,0.8031074825190471,69
42.19340251997387,100,12,3,0,0.8,0.11440897141142244,0.20344551844089478,340,303,37,-0.05488616413662605,-0.33853342062370345,0.5246559849073147,1.3753105401992798,0.7960015465248083,0.7258303881048195,70
53.90290319386468,100,13,1,0,0.9285714285714286,0.15015965814674723,0.08269449825967932,372,343,29,-0.06234466401737235,-0.537909648484654,0.7627847077268542,2.246912956237793,0.78794007919884,1.1735493437226243,71
70.48043429733599,100,11,3,0,0.7857142857142857,0.1743610035363079,0.08297384824670345,432,379,53,-0.08679467885910223,-0.09047267640874322,0.32595658495735663,2.203359842300415,0.5844314897364783,1.132627196565412,72
19.777030695012723,100,10,4,0,0.7142857142857143,0.07595976843951224,-0.19317385889193242,395,357,38,-0.15892075592329583,-0.6231540052984388,1.411847734921857,1.6866534948349,0.7388579753721295,1.0787528563058633,73
30.020869025918266,100,10,4,0,0.7142857142857143,0.09208893356549909,-0.06906926926651151,410,362,48,-0.03206270577338261,-0.27546667632384175,0.2648920456950481,2.22418475151062,0.7244694456378491,1.0747423546675305,74
47.14564900513349,100,11,0,0,1.0,0.10484578869567704,0.33783582093418,423,411,12,-0.018723402833269835,-0.29442266525611993,0.7115022982047363,2.0519206523895264,0.5917227982503875,1.2157767398358015,75
-7.412349063488173,100,7,7,0,0.5,-0.023177293018727122,0.05515160518225811,553,484,69,-0.007110566168126685,0.022023288934077654,-0.5763133478661379,8.741340637207031,0.6873380189401622,4.086414722969359,76
72.7755425848416,100,10,3,0,0.7692307692307693,0.2017415514342359,0.027554567278283,397,355,42,-0.0785495908692097,-0.08210080071615103,0.4952881559729576,3.82901668548584,0.5831532908943763,2.0425524295021136,77
18.459395512608214,100,9,4,0,0.6923076923076923,0.05402040615996719,-0.03146529959422945,424,372,52,-0.10199816669739362,0.10108441930441629,0.7274841867932459,1.5513834953308105,0.7476708115581423,1.0879778840168428,78
59.82358100702806,100,10,4,0,0.7142857142857143,0.19892212574283227,-0.11023134043850519,380,329,51,-0.22339295104352963,-0.22301798256941968,1.436771147591727,3.65567684173584,0.6181475741769161,2.211322052335544,79
31.012126769468573,55,6,1,0,0.8571428571428571,0.22299658171863734,0.28298240052954016,131,101,30,-0.0791854036351045,-0.08517309874296189,0.1520333940593096,6.343929767608643,0.9760879851677347,3.1262096278273908,80
44.54464065814719,100,8,7,0,0.5333333333333333,0.14178447166869756,-0.09108165020276524,416,354,62,-0.0698961712515507,-0.3486734450293275,0.4582886604162363,1.9495422840118408,0.7624844497469707,0.9596825784478241,81
4.263446331403575,100,5,9,0,0.35714285714285715,0.013385842773766674,-0.03667647042733516,599,524,75,-0.10142322074981373,-0.016984150892025547,0.2694811529001674,1.8818200826644897,0.5265713331477717,0.9657353215865021,82
57.6589821280542,100,12,3,0,0.8,0.23397634444682927,-0.0368960283633385,302,254,48,-0.16231168825179337,-0.5513762712478638,0.7808944513400395,10.934552192687988,0.8460292432023885,5.419723498138288,83
-3.3326506102276405,100,7,7,0,0.5,-0.010362644070450785,0.0229403314047453,508,450,58,-0.07473218221760665,0.304894387270906,-0.18823282966582938,3.3731229305267334,0.7860637959400195,1.6701600618482983,84
12.243081461347419,47,3,4,0,0.42857142857142855,0.21309254217474874,-0.27167120762023067,153,111,42,-0.24163127237310011,-0.2446199075008432,0.6567857007185618,10.772380828857422,0.9516325858266403,5.35064203866447,85
31.309346141236745,100,9,4,0,0.6923076923076923,0.06936826767936381,0.11979856876537977,415,365,50,-0.03959497570012433,-0.04000129091974276,0.22960537118025315,1.8081728219985962,0.5509869704850349,0.959293475429429,86
47.622594180844,100,9,5,0,0.6428571428571429,0.13582099824866814,0.0411315060231809,382,337,45,-0.07914366398472339,-0.7497111549600959,0.6046052640821371,4.38092041015625,0.7165211211152688,2.038763595654422,87
-6.713836364483494,100,5,7,0,0.4166666666666667,-0.011404281393379803,-0.01491678532541705,569,505,64,-0.05654346961872997,-0.04120663068843661,0.15195592337598404,4.144230842590332,0.3547511586282682,2.07094659802021,88
-7.556789994366221,100,4,9,0,0.3076923076923077,-0.00916776989158496,-0.040767486285473456,583,513,70,-0.09046601622953619,-0.09180128205927056,0.07285794851027037,5.438745021820068,0.3012952115551418,2.619434827905998,89
22.578929613409215,100,8,6,0,0.5714285714285714,0.09694570456968657,-0.19240791501663215,409,350,59,-0.10216105113235804,-0.4670786109681313,0.5157584515519631,1.765017032623291,0.6771350890411956,0.8046873854712033,90
8.964868197051972,100,11,4,0,0.7333333333333333,0.021661346171205475,-0.012580535961742573,485,440,45,5.1027348187441625e-05,0.13074410259529637,0.1030669083336888,2.1897997856140137,0.5416137074989689,1.2118564256196869,91
16.635906417801873,100,7,8,0,0.4666666666666667,0.09492442227927735,-0.2624120599480277,435,366,69,-0.12146302285656843,-0.03568710117334766,0.6829760153556154,1.2294890880584717,0.5731052985010181,0.8169259782638012,92
80.5281253421118,100,9,4,0,0.6923076923076923,0.21724275191549697,-0.010711087709969707,420,373,47,-0.07628381923062816,-0.1416980780971547,0.5030230756213026,5.109803199768066,0.5225581549317576,2.659280279415479,93
21.616587531243525,100,7,8,0,0.4666666666666667,0.06822767859645132,-0.1198680031746242,485,424,61,-0.07655942641819517,-0.10027536634394589,0.5016052635062648,1.7441351413726807,0.4272508542828139,0.9961730928493047,94
6.032820668725068,100,5,9,0,0.35714285714285715,0.016931407069161148,-0.024339564059391656,544,467,77,-0.05737454752784734,0.017582641060774524,-0.3872575313719206,2.634453058242798,0.4599166542941962,1.0750145364379786,95
-2.222727264128654,100,8,7,0,0.5333333333333333,-0.0018863895740988282,-0.020067386961758377,494,423,71,-0.008901283096444482,0.11694663201857718,-0.16412822938185523,3.83171010017395,0.4849392421985364,1.8833629683088915,96
-15.136308267911035,100,6,8,0,0.42857142857142855,-0.03333509349844874,-0.00437958929132347,514,445,69,-0.05663494927826904,0.11460808981392606,-0.36238238206133244,4.179047107696533,0.6185954550595163,1.9090014584462944,97
59.82386976841366,100,9,3,0,0.75,0.17196418749505843,-0.17613009330726975,441,395,46,-0.16528836473645198,-0.17797922764328264,1.479023780037717,3.801758289337158,0.6521746734677583,2.386113056129344,98
-49.555413089104924,100,5,9,0,0.35714285714285715,-0.09410008403836732,-0.05097029661944555,561,486,75,-0.04347250198824676,-0.05404800077640512,-0.2954052519053221,13.266949653625488,0.34593443480719577,6.415275698483634,99
37.64427999294187,100,9,6,0,0.6,0.15696961989959138,-0.22356084201450735,378,321,57,-0.13224748530127625,-0.16159233153383765,0.7533622036377589,6.001138210296631,0.47300658417279284,3.164206555899,100
47.52524149249582,100,10,3,0,0.7692307692307693,0.13997434289230487,-0.1521232958814229,423,383,40,-0.11437034431686957,-0.1173027794062537,1.1480052688637294,2.1793313026428223,0.5900077842118716,1.4906465517332794,101
14.952286177175694,100,8,6,0,0.5714285714285714,0.05985479953647464,-0.06647162996793822,368,312,56,-0.18472936858112612,-0.5543171469536092,1.0723279266256012,0.7949390411376953,0.7256042935257062,0.47174554182371753,102
75.87615005878385,100,10,4,0,0.7142857142857143,0.18344368710973713,0.028245800119088615,450,407,43,-0.10142753541327289,-0.10204835356109672,1.204541390282767,3.3373188972473145,0.626640156078269,2.1184784315712193,103
35.08061879213881,100,11,3,0,0.7857142857142857,0.08184899740692415,0.21403859080739274,364,324,40,-0.004915755455537389,-0.5109095968719986,0.09369698739336695,0.866192638874054,0.6250549507896279,0.21957425924217377,104
17.898659138676308,100,10,3,1,0.7692307692307693,0.022536944475807646,0.20628109254217739,411,364,47,0.06911043888435532,0.0674129330779975,-0.6156704801281816,3.727426528930664,0.5390305459285597,1.6586949298245952,105
6.2827110663420065,100,11,4,0,0.7333333333333333,0.03386456173797102,-0.08975728415540599,379,326,53,-0.1315590679878369,0.15343757987850243,0.8056334912156066,2.0964834690093994,0.7202791778216595,1.3962182020639173,106
39.55426281046439,100,11,3,0,0.7857142857142857,0.10230487705058824,0.11456242288443248,381,334,47,-0.015506810166698415,-0.5922466202949485,0.14583065060691702,0.6447051167488098,0.756054390815229,0.08363776336369078,107
29.44344272530916,100,10,3,0,0.7692307692307693,0.12102613272303361,-0.11659417254203736,312,277,35,-0.1220534146297723,-0.7045633962377906,0.88679366199107,2.433692455291748,0.7146732668625191,1.1859079458927413,108
45.22820658704209,54,4,3,0,0.5714285714285714,0.4173700976227215,-0.18271198988942441,163,125,38,-0.18392915878858832,-0.19052366415659586,0.8156446032226086,12.80689811706543,0.6726028498662624,6.532080369277133,109
44.86716125887743,100,11,4,0,0.7333333333333333,0.13502497828364468,0.07146461293708008,353,309,44,-0.20046941022155806,-0.5812748576913561,0.5692503452301025,8.228140830993652,0.567792651541962,3.9075887490446415,110
79.4600864421121,100,8,6,0,0.5714285714285714,0.19501260711356902,-0.010455986084325441,477,411,66,-0.005746704940166738,-0.5268600814458396,0.03388937387022783,3.2264816761016846,0.1987688175585903,1.3610087793228698,111
31.69966912160383,100,9,4,0,0.6923076923076923,0.07003157325720352,0.03442927320219201,474,432,42,-0.04649140129202149,-0.21178482410808405,0.4957469783046029,6.083802223205566,0.34476728317216615,3.137390787409021,112
36.51236737943669,100,8,7,0,0.5333333333333333,0.16040552527560437,-0.2718337948653834,392,331,61,-0.15434635910563743,-0.29725658501952124,0.8029357347732935,2.0676093101501465,0.48183700227393556,1.132297870846322,113
-12.65219366310108,100,6,8,0,0.42857142857142855,-0.03093169260924138,0.013833125259043648,506,439,67,-0.027852405289498467,0.2010560533090029,-0.5727447557396123,3.11419415473938,0.2710756953998458,1.3434003208648868,114
77.36360477947353,100,10,5,0,0.6666666666666666,0.2428944112835476,-0.007882757201348137,366,320,46,-0.058102553493679605,-0.30444613890722394,0.40215853924996087,9.712099075317383,0.378785187499565,4.84680318433638,115
55.3684650276568,70,3,6,0,0.3333333333333333,0.176746286392614,0.024812029762154294,370,304,66,-0.10169396535214521,-0.10374200603756537,0.40212995279580355,2.807246446609497,0.27619899997349767,1.4511232313317224,116
-11.038951974365599,100,8,5,0,0.6153846153846154,-0.02650639655801594,0.01148761758852811,491,439,52,-0.02470886027488935,0.2553095673404944,-0.4481431016404378,2.152017831802368,0.5108930615459768,0.9548832884763231,117
87.67146873144407,100,10,2,0,0.8333333333333334,0.24874884703175235,-0.08220998249214047,407,366,41,-0.10401862960022229,-0.32312373684432644,0.8766083724987812,9.628151893615723,0.5081507962916706,4.986799635034867,118
42.947423825813836,100,11,4,0,0.7333333333333333,0.1400904825129435,-0.14800990741260514,395,352,43,-0.08482628464937592,-0.4702181347096578,0.6045177869188288,3.478696823120117,0.5501733263260113,1.7216719530152682,119
70.7828612461261,100,8,5,0,0.6153846153846154,0.19418808993391506,-0.05310235544958443,432,379,53,-0.061064809117288815,-0.16647677356377244,0.40265063169162446,2.0553033351898193,0.4150320458090864,1.0846737875415469,120
